Date,Close/Last,Volume,Open,High,Low
06/13/2025,$0.11,N/A,$0.11,$0.11,$0.11
06/12/2025,$0.11,N/A,$0.11,$0.11,$0.11
06/11/2025,$0.11,78412,$0.15,$0.15,$0.11
06/10/2025,$0.135,3550,$0.15,$0.15,$0.135
06/09/2025,$0.15,1500,$0.12,$0.15,$0.12
06/06/2025,$0.125,3000,$0.125,$0.125,$0.125
06/05/2025,$0.10,N/A,$0.10,$0.10,$0.10
06/04/2025,$0.10,7000,$0.10,$0.10,$0.10
06/03/2025,$0.10,16286,$0.125,$0.125,$0.10
06/02/2025,$0.098,N/A,$0.098,$0.098,$0.098
05/30/2025,$0.098,4204,$0.0901,$0.098,$0.0901
05/29/2025,$0.0899,35650,$0.0823,$0.0899,$0.0823
05/28/2025,$0.089,N/A,$0.089,$0.089,$0.089
05/27/2025,$0.089,N/A,$0.089,$0.089,$0.089
05/23/2025,$0.089,N/A,$0.089,$0.089,$0.089
05/22/2025,$0.089,1000,$0.089,$0.089,$0.089
05/21/2025,$0.0891,N/A,$0.0891,$0.0891,$0.0891
05/20/2025,$0.0891,700,$0.0891,$0.0891,$0.0891
05/19/2025,$0.089,100,$0.089,$0.089,$0.089
05/16/2025,$0.088,N/A,$0.088,$0.088,$0.088
05/15/2025,$0.088,N/A,$0.088,$0.088,$0.088
05/14/2025,$0.088,3465,$0.0891,$0.0969,$0.088
05/13/2025,$0.091,N/A,$0.091,$0.091,$0.091
05/12/2025,$0.091,2882,$0.0729,$0.1093,$0.0729
05/09/2025,$0.0882,2500,$0.0882,$0.0882,$0.0882
05/08/2025,$0.10,N/A,$0.10,$0.10,$0.10
05/07/2025,$0.10,1000,$0.10,$0.10,$0.10
05/06/2025,$0.1111,1050,$0.1111,$0.1111,$0.1111
05/05/2025,$0.1111,N/A,$0.1111,$0.1111,$0.1111
05/02/2025,$0.1111,5000,$0.1111,$0.1111,$0.1111
05/01/2025,$0.1181,500,$0.1181,$0.1181,$0.1181
04/30/2025,$0.1135,22277,$0.1189,$0.1255,$0.1135
04/29/2025,$0.1305,219,$0.1305,$0.1305,$0.1305
04/28/2025,$0.1324,451,$0.1472,$0.1472,$0.1268
04/25/2025,$0.1518,36916,$0.1179,$0.1518,$0.1179
04/24/2025,$0.125,21100,$0.1313,$0.1313,$0.125
04/23/2025,$0.1305,6000,$0.1305,$0.1305,$0.1305
04/22/2025,$0.13,10000,$0.134,$0.134,$0.1167
04/21/2025,$0.1363,1600,$0.1363,$0.1363,$0.1363
04/17/2025,$0.1347,1000,$0.1347,$0.1347,$0.1347
04/16/2025,$0.1345,N/A,$0.1345,$0.1345,$0.1345
04/15/2025,$0.1345,408,$0.1345,$0.1345,$0.1345
04/14/2025,$0.1268,3125,$0.135,$0.135,$0.1268
04/11/2025,$0.1268,N/A,$0.1268,$0.1268,$0.1268
04/10/2025,$0.1268,1125,$0.13,$0.13,$0.1268
04/09/2025,$0.14,1000,$0.14,$0.14,$0.14
04/08/2025,$0.1319,500,$0.1319,$0.1319,$0.1319
04/07/2025,$0.13,2000,$0.13,$0.13,$0.13
04/04/2025,$0.1291,5071,$0.119,$0.1291,$0.119
04/03/2025,$0.1318,59862,$0.14,$0.141,$0.1318
04/02/2025,$0.13,2000,$0.13,$0.13,$0.13
04/01/2025,$0.141,2840,$0.14,$0.141,$0.14
03/31/2025,$0.141,10999,$0.119,$0.141,$0.119
03/28/2025,$0.141,N/A,$0.141,$0.141,$0.141
03/27/2025,$0.141,23611,$0.1292,$0.141,$0.1292
03/26/2025,$0.13,5050,$0.13,$0.13,$0.13
03/25/2025,$0.141,2000,$0.1366,$0.141,$0.1366
03/24/2025,$0.141,28184,$0.119,$0.141,$0.119
03/21/2025,$0.1275,10000,$0.1275,$0.1275,$0.1275
03/20/2025,$0.141,N/A,$0.141,$0.141,$0.141
03/19/2025,$0.141,150,$0.141,$0.141,$0.141
03/18/2025,$0.123,10018,$0.132,$0.132,$0.123
03/17/2025,$0.123,4000,$0.14,$0.149,$0.123
03/14/2025,$0.136,500,$0.136,$0.136,$0.136
03/13/2025,$0.1326,4200,$0.1334,$0.1334,$0.1326
03/12/2025,$0.149,1114,$0.149,$0.149,$0.149
03/11/2025,$0.136,4677,$0.136,$0.136,$0.136
03/10/2025,$0.12,86650,$0.136,$0.149,$0.12
03/07/2025,$0.136,16250,$0.1355,$0.1455,$0.1355
03/06/2025,$0.134,18300,$0.14,$0.14,$0.134
03/05/2025,$0.1385,2000,$0.1385,$0.1385,$0.1385
03/04/2025,$0.1375,8288,$0.1301,$0.1375,$0.1301
03/03/2025,$0.1315,5800,$0.1344,$0.146,$0.1315
02/28/2025,$0.146,137,$0.146,$0.146,$0.146
02/27/2025,$0.136,1000,$0.136,$0.136,$0.136
02/26/2025,$0.1315,15800,$0.121,$0.133,$0.121
02/25/2025,$0.133,9500,$0.146,$0.146,$0.133
02/24/2025,$0.133,33484,$0.1321,$0.146,$0.1293
02/21/2025,$0.1321,21090,$0.146,$0.146,$0.1319
02/20/2025,$0.1336,16679,$0.142,$0.142,$0.1286
02/19/2025,$0.131,11100,$0.145,$0.145,$0.131
02/18/2025,$0.1395,1020,$0.1355,$0.1395,$0.1355
02/14/2025,$0.1395,11343,$0.14,$0.14,$0.13
02/13/2025,$0.134,903,$0.134,$0.134,$0.134
02/12/2025,$0.128,14500,$0.14,$0.14,$0.128
02/11/2025,$0.1325,21450,$0.1325,$0.1399,$0.1325
02/10/2025,$0.132,2000,$0.132,$0.132,$0.132
02/07/2025,$0.13,27829,$0.129,$0.13,$0.129
02/06/2025,$0.135,2083,$0.135,$0.135,$0.135
02/05/2025,$0.14,2000,$0.14,$0.14,$0.14
02/04/2025,$0.1355,1121,$0.1323,$0.1355,$0.1323
02/03/2025,$0.1345,669,$0.1345,$0.1345,$0.1345
01/31/2025,$0.133,96011,$0.147,$0.147,$0.13
01/30/2025,$0.13,1250,$0.13,$0.13,$0.13
01/29/2025,$0.1331,2121,$0.139,$0.139,$0.1331
01/28/2025,$0.1368,17518,$0.139,$0.14,$0.1368
01/27/2025,$0.1386,1850,$0.148,$0.148,$0.1386
01/24/2025,$0.13,9109,$0.134,$0.134,$0.13
01/23/2025,$0.12,12050,$0.13,$0.132,$0.12
01/22/2025,$0.131,55005,$0.118,$0.131,$0.118
01/21/2025,$0.133,1593,$0.1235,$0.133,$0.1235
01/17/2025,$0.1238,1395,$0.13,$0.13,$0.1135
01/16/2025,$0.13,17200,$0.1212,$0.13,$0.1212
01/15/2025,$0.1213,1000,$0.1213,$0.1213,$0.1213
01/14/2025,$0.118,1000,$0.118,$0.118,$0.118
01/13/2025,$0.1135,1000,$0.1135,$0.1135,$0.1135
01/10/2025,$0.1225,1113,$0.1208,$0.1225,$0.1208
01/08/2025,$0.1225,780,$0.103,$0.129,$0.103
01/07/2025,$0.1268,16400,$0.142,$0.142,$0.1268
01/06/2025,$0.12,1300,$0.103,$0.12,$0.103
01/03/2025,$0.1135,423,$0.1136,$0.1136,$0.1135
01/02/2025,$0.1135,8401,$0.1168,$0.12,$0.1135
12/31/2024,$0.11,1012,$0.1123,$0.1123,$0.11
12/30/2024,$0.11,N/A,$0.11,$0.11,$0.11
12/27/2024,$0.11,N/A,$0.11,$0.11,$0.11
12/26/2024,$0.11,866,$0.102,$0.11,$0.102
12/24/2024,$0.1135,500,$0.1135,$0.1135,$0.1135
12/23/2024,$0.1165,1200,$0.129,$0.129,$0.1165
12/20/2024,$0.116,N/A,$0.116,$0.116,$0.116
12/19/2024,$0.116,600,$0.118,$0.118,$0.116
12/18/2024,$0.1172,12800,$0.1172,$0.1172,$0.1172
12/17/2024,$0.121,N/A,$0.121,$0.121,$0.121
12/16/2024,$0.121,180540,$0.135,$0.135,$0.121
12/13/2024,$0.165,51000,$0.17,$0.17,$0.165
12/12/2024,$0.165,25020,$0.165,$0.165,$0.165
12/11/2024,$0.167,46000,$0.178,$0.178,$0.167
12/10/2024,$0.1656,31300,$0.1566,$0.1656,$0.1566
12/09/2024,$0.1547,2250,$0.1592,$0.172,$0.1547
12/06/2024,$0.1545,250,$0.1545,$0.1545,$0.1545
12/05/2024,$0.151,23651,$0.168,$0.168,$0.151
12/04/2024,$0.14,2944,$0.167,$0.167,$0.137
12/03/2024,$0.1546,22595,$0.1481,$0.1546,$0.14
12/02/2024,$0.15,2310,$0.137,$0.16,$0.137
11/29/2024,$0.16,N/A,$0.16,$0.16,$0.16
11/27/2024,$0.16,423,$0.16,$0.16,$0.16
11/26/2024,$0.166,7000,$0.166,$0.166,$0.165
11/25/2024,$0.151,13277,$0.166,$0.166,$0.14
11/22/2024,$0.15,2560,$0.154,$0.16,$0.15
11/21/2024,$0.16,20689,$0.14,$0.16,$0.14
11/20/2024,$0.16,23514,$0.16,$0.16,$0.16
11/19/2024,$0.158,5000,$0.158,$0.158,$0.158
11/18/2024,$0.158,7542,$0.174,$0.174,$0.158
11/15/2024,$0.16,6000,$0.16,$0.16,$0.16
11/14/2024,$0.16,3000,$0.16,$0.16,$0.16
11/13/2024,$0.1595,500,$0.1595,$0.1595,$0.1595
11/12/2024,$0.1595,N/A,$0.1595,$0.1595,$0.1595
11/11/2024,$0.1595,2100,$0.1595,$0.1595,$0.1595
11/08/2024,$0.159,N/A,$0.159,$0.159,$0.159
11/07/2024,$0.159,1200,$0.159,$0.159,$0.159
11/06/2024,$0.152,N/A,$0.152,$0.152,$0.152
11/05/2024,$0.152,N/A,$0.152,$0.152,$0.152
11/04/2024,$0.152,N/A,$0.152,$0.152,$0.152
11/01/2024,$0.152,95800,$0.14,$0.1553,$0.14
10/31/2024,$0.1567,980,$0.1567,$0.1567,$0.1567
10/30/2024,$0.156,3500,$0.1496,$0.156,$0.1496
10/29/2024,$0.1535,1000,$0.1535,$0.1535,$0.1535
10/28/2024,$0.153,N/A,$0.153,$0.153,$0.153
10/25/2024,$0.153,N/A,$0.153,$0.153,$0.153
10/24/2024,$0.153,360,$0.16,$0.16,$0.153
10/23/2024,$0.165,N/A,$0.165,$0.165,$0.165
10/22/2024,$0.165,N/A,$0.165,$0.165,$0.165
10/21/2024,$0.165,80490,$0.168,$0.17,$0.16
10/18/2024,$0.13,N/A,$0.13,$0.13,$0.13
10/17/2024,$0.13,178900,$0.13,$0.13,$0.13
10/16/2024,$0.1214,N/A,$0.1214,$0.1214,$0.1214
10/15/2024,$0.1214,7300,$0.135,$0.135,$0.111
10/14/2024,$0.135,34000,$0.135,$0.135,$0.135
10/11/2024,$0.1236,1100,$0.1236,$0.1236,$0.1236
10/10/2024,$0.1346,N/A,$0.1346,$0.1346,$0.1346
10/09/2024,$0.1346,N/A,$0.1346,$0.1346,$0.1346
10/08/2024,$0.1346,N/A,$0.1346,$0.1346,$0.1346
10/07/2024,$0.1346,250,$0.1346,$0.1346,$0.1346
10/04/2024,$0.14,600,$0.1317,$0.14,$0.1317
10/03/2024,$0.1281,N/A,$0.1281,$0.1281,$0.1281
10/02/2024,$0.1281,N/A,$0.1281,$0.1281,$0.1281
10/01/2024,$0.1281,N/A,$0.1281,$0.1281,$0.1281
09/30/2024,$0.1281,2000,$0.1281,$0.1281,$0.1281
09/27/2024,$0.1269,N/A,$0.1269,$0.1269,$0.1269
09/26/2024,$0.1269,1500,$0.1269,$0.1269,$0.1269
09/25/2024,$0.1302,N/A,$0.1302,$0.1302,$0.1302
09/24/2024,$0.1302,N/A,$0.1302,$0.1302,$0.1302
09/23/2024,$0.1302,N/A,$0.1302,$0.1302,$0.1302
09/20/2024,$0.1302,N/A,$0.1302,$0.1302,$0.1302
09/19/2024,$0.1302,N/A,$0.1302,$0.1302,$0.1302
09/18/2024,$0.1302,15213,$0.131,$0.132,$0.1302
09/17/2024,$0.1286,N/A,$0.1286,$0.1286,$0.1286
09/16/2024,$0.1286,5000,$0.1286,$0.1286,$0.1286
09/13/2024,$0.12,2000,$0.12,$0.12,$0.12
09/12/2024,$0.1269,N/A,$0.1269,$0.1269,$0.1269
09/11/2024,$0.1269,N/A,$0.1269,$0.1269,$0.1269
09/10/2024,$0.1269,N/A,$0.1269,$0.1269,$0.1269
09/09/2024,$0.1269,6000,$0.12,$0.1269,$0.12
09/06/2024,$0.1305,N/A,$0.1305,$0.1305,$0.1305
09/05/2024,$0.1305,176,$0.1305,$0.1305,$0.1305
09/04/2024,$0.1308,N/A,$0.1308,$0.1308,$0.1308
09/03/2024,$0.1308,100,$0.1308,$0.1308,$0.1308
08/30/2024,$0.151,N/A,$0.151,$0.151,$0.151
08/29/2024,$0.151,101,$0.151,$0.151,$0.151
08/28/2024,$0.114,N/A,$0.114,$0.114,$0.114
08/27/2024,$0.114,N/A,$0.114,$0.114,$0.114
08/26/2024,$0.114,N/A,$0.114,$0.114,$0.114
08/23/2024,$0.114,N/A,$0.114,$0.114,$0.114
08/22/2024,$0.114,N/A,$0.114,$0.114,$0.114
08/21/2024,$0.114,100,$0.114,$0.114,$0.114
08/20/2024,$0.1302,3100,$0.1302,$0.1302,$0.1302
08/19/2024,$0.114,32000,$0.149,$0.149,$0.114
08/16/2024,$0.14,N/A,$0.14,$0.14,$0.14
08/15/2024,$0.14,1150,$0.113,$0.14,$0.113
08/14/2024,$0.1295,N/A,$0.1295,$0.1295,$0.1295
08/13/2024,$0.1295,N/A,$0.1295,$0.1295,$0.1295
08/12/2024,$0.1295,2000,$0.1295,$0.1295,$0.1295
08/09/2024,$0.112,N/A,$0.112,$0.112,$0.112
08/08/2024,$0.112,7200,$0.1201,$0.1241,$0.112
08/07/2024,$0.111,49450,$0.1241,$0.1241,$0.111
08/06/2024,$0.13,1650,$0.13,$0.13,$0.13
08/05/2024,$0.12,N/A,$0.12,$0.12,$0.12
08/02/2024,$0.12,N/A,$0.12,$0.12,$0.12
08/01/2024,$0.12,8000,$0.12,$0.12,$0.12
07/31/2024,$0.125,N/A,$0.125,$0.125,$0.125
07/30/2024,$0.125,1200,$0.1211,$0.125,$0.1211
07/29/2024,$0.13,N/A,$0.13,$0.13,$0.13
07/26/2024,$0.13,N/A,$0.13,$0.13,$0.13
07/25/2024,$0.13,1000,$0.13,$0.13,$0.13
07/24/2024,$0.135,N/A,$0.135,$0.135,$0.135
07/23/2024,$0.135,5000,$0.135,$0.135,$0.135
07/22/2024,$0.12,500,$0.12,$0.12,$0.12
07/19/2024,$0.15,6000,$0.15,$0.15,$0.15
07/18/2024,$0.1381,39591,$0.125,$0.1381,$0.125
07/17/2024,$0.126,N/A,$0.126,$0.126,$0.126
07/16/2024,$0.126,25000,$0.126,$0.126,$0.126
07/15/2024,$0.1393,34070,$0.157,$0.157,$0.126
07/12/2024,$0.129,N/A,$0.129,$0.129,$0.129
07/11/2024,$0.129,42000,$0.129,$0.129,$0.129
07/10/2024,$0.15,38000,$0.145,$0.15,$0.145
07/09/2024,$0.129,51229,$0.141,$0.141,$0.129
07/08/2024,$0.158,40000,$0.158,$0.158,$0.158
07/05/2024,$0.16,N/A,$0.16,$0.16,$0.16
07/03/2024,$0.16,44316,$0.164,$0.165,$0.16
07/02/2024,$0.132,500,$0.132,$0.132,$0.132
07/01/2024,$0.135,N/A,$0.135,$0.135,$0.135
06/28/2024,$0.135,63500,$0.138,$0.138,$0.128
06/27/2024,$0.13,1000,$0.13,$0.13,$0.13
06/26/2024,$0.1255,N/A,$0.1255,$0.1255,$0.1255
06/25/2024,$0.1255,N/A,$0.1255,$0.1255,$0.1255
06/24/2024,$0.1255,1299,$0.111,$0.1255,$0.111
06/21/2024,$0.111,768,$0.111,$0.111,$0.111
06/20/2024,$0.117,12468,$0.118,$0.143,$0.117
06/18/2024,$0.123,N/A,$0.123,$0.123,$0.123
06/17/2024,$0.123,1700,$0.123,$0.123,$0.123
06/14/2024,$0.13,N/A,$0.13,$0.13,$0.13
06/13/2024,$0.13,N/A,$0.13,$0.13,$0.13
06/12/2024,$0.13,N/A,$0.13,$0.13,$0.13
06/11/2024,$0.13,N/A,$0.13,$0.13,$0.13
06/10/2024,$0.13,N/A,$0.13,$0.13,$0.13
06/07/2024,$0.13,N/A,$0.13,$0.13,$0.13
06/06/2024,$0.13,5000,$0.13,$0.13,$0.13
06/05/2024,$0.1434,N/A,$0.1434,$0.1434,$0.1434
06/04/2024,$0.1434,N/A,$0.1434,$0.1434,$0.1434
06/03/2024,$0.1434,N/A,$0.1434,$0.1434,$0.1434
05/31/2024,$0.1434,N/A,$0.1434,$0.1434,$0.1434
05/30/2024,$0.1434,N/A,$0.1434,$0.1434,$0.1434
05/29/2024,$0.1434,1600,$0.1434,$0.1434,$0.1434
05/28/2024,$0.159,10600,$0.159,$0.159,$0.15
05/24/2024,$0.159,2000,$0.159,$0.159,$0.159
05/23/2024,$0.1422,51487,$0.133,$0.1422,$0.133
05/22/2024,$0.1455,N/A,$0.1455,$0.1455,$0.1455
05/21/2024,$0.1455,200,$0.159,$0.159,$0.1455
05/20/2024,$0.144,N/A,$0.144,$0.144,$0.144
05/17/2024,$0.144,100,$0.144,$0.144,$0.144
05/16/2024,$0.159,N/A,$0.159,$0.159,$0.159
05/15/2024,$0.159,11200,$0.134,$0.159,$0.134
05/14/2024,$0.146,N/A,$0.146,$0.146,$0.146
05/13/2024,$0.146,100,$0.146,$0.146,$0.146
05/10/2024,$0.159,2500,$0.159,$0.159,$0.159
05/09/2024,$0.1518,500,$0.1518,$0.1518,$0.1518
05/08/2024,$0.1595,N/A,$0.1595,$0.1595,$0.1595
05/07/2024,$0.1595,N/A,$0.1595,$0.1595,$0.1595
05/06/2024,$0.1595,N/A,$0.1595,$0.1595,$0.1595
05/03/2024,$0.1595,N/A,$0.1595,$0.1595,$0.1595
05/02/2024,$0.1595,1500,$0.1595,$0.1595,$0.1595
05/01/2024,$0.16,11616,$0.16,$0.16,$0.16
04/30/2024,$0.151,N/A,$0.151,$0.151,$0.151
04/29/2024,$0.151,10100,$0.151,$0.169,$0.151
04/26/2024,$0.1482,N/A,$0.1482,$0.1482,$0.1482
04/25/2024,$0.1482,N/A,$0.1482,$0.1482,$0.1482
04/24/2024,$0.1482,N/A,$0.1482,$0.1482,$0.1482
04/23/2024,$0.1482,10400,$0.1515,$0.1515,$0.1482
04/22/2024,$0.1485,N/A,$0.1485,$0.1485,$0.1485
04/19/2024,$0.1485,N/A,$0.1485,$0.1485,$0.1485
04/18/2024,$0.1485,N/A,$0.1485,$0.1485,$0.1485
04/17/2024,$0.1485,2500,$0.139,$0.1485,$0.139
04/16/2024,$0.15,10500,$0.144,$0.15,$0.144
04/15/2024,$0.155,3450,$0.155,$0.155,$0.155
04/12/2024,$0.1465,95000,$0.1464,$0.1485,$0.145
04/11/2024,$0.15,13100,$0.159,$0.159,$0.145
04/10/2024,$0.14,2000,$0.14,$0.14,$0.14
04/09/2024,$0.134,N/A,$0.134,$0.134,$0.134
04/08/2024,$0.134,1500,$0.134,$0.134,$0.134
04/05/2024,$0.155,N/A,$0.155,$0.155,$0.155
04/04/2024,$0.155,1000,$0.155,$0.155,$0.155
04/03/2024,$0.14,18346,$0.174,$0.174,$0.14
04/02/2024,$0.154,N/A,$0.154,$0.154,$0.154
04/01/2024,$0.154,9769,$0.154,$0.154,$0.154
03/28/2024,$0.1545,8000,$0.1726,$0.1726,$0.1522
03/27/2024,$0.1727,10273,$0.1565,$0.1727,$0.14
03/26/2024,$0.137,24026,$0.142,$0.142,$0.134
03/25/2024,$0.1555,10581,$0.1555,$0.17,$0.1526
03/22/2024,$0.16,500,$0.16,$0.16,$0.16
03/21/2024,$0.155,349790,$0.121,$0.175,$0.121
03/20/2024,$0.0825,N/A,$0.0825,$0.0825,$0.0825
03/19/2024,$0.0825,N/A,$0.0825,$0.0825,$0.0825
03/18/2024,$0.0825,2100,$0.09,$0.09,$0.0825
03/15/2024,$0.091,100,$0.091,$0.091,$0.091
03/14/2024,$0.09,2000,$0.09,$0.09,$0.09
03/13/2024,$0.0807,N/A,$0.0807,$0.0807,$0.0807
03/12/2024,$0.0807,10135,$0.09,$0.09,$0.0807
03/11/2024,$0.09,N/A,$0.09,$0.09,$0.09
03/08/2024,$0.09,5000,$0.09,$0.09,$0.09
03/07/2024,$0.091,N/A,$0.091,$0.091,$0.091
03/06/2024,$0.091,700,$0.10,$0.10,$0.091
03/05/2024,$0.082,N/A,$0.082,$0.082,$0.082
03/04/2024,$0.082,3000,$0.081,$0.082,$0.081
03/01/2024,$0.081,N/A,$0.081,$0.081,$0.081
02/29/2024,$0.081,N/A,$0.081,$0.081,$0.081
02/28/2024,$0.081,10000,$0.081,$0.081,$0.081
02/27/2024,$0.081,10000,$0.081,$0.081,$0.081
02/26/2024,$0.0825,32000,$0.0905,$0.0905,$0.0825
02/23/2024,$0.08,30001,$0.09,$0.09,$0.08
02/22/2024,$0.081,40109,$0.081,$0.10,$0.081
02/21/2024,$0.08,N/A,$0.08,$0.08,$0.08
02/20/2024,$0.08,N/A,$0.08,$0.08,$0.08
02/16/2024,$0.08,10000,$0.08,$0.08,$0.08
02/15/2024,$0.081,1600,$0.081,$0.0905,$0.081
02/14/2024,$0.082,30000,$0.082,$0.0905,$0.082
02/13/2024,$0.0897,10000,$0.0897,$0.0897,$0.0897
02/12/2024,$0.082,30000,$0.082,$0.082,$0.082
02/09/2024,$0.08,108922,$0.08,$0.08,$0.08
02/08/2024,$0.087,30954,$0.08,$0.087,$0.08
02/07/2024,$0.0872,N/A,$0.0872,$0.0872,$0.0872
02/06/2024,$0.0872,9384,$0.078,$0.0872,$0.078
02/05/2024,$0.085,20000,$0.085,$0.085,$0.085
02/02/2024,$0.0855,107,$0.0855,$0.0855,$0.0855
02/01/2024,$0.101,N/A,$0.101,$0.101,$0.101
01/31/2024,$0.101,40975,$0.092,$0.101,$0.092
01/30/2024,$0.084,N/A,$0.084,$0.084,$0.084
01/29/2024,$0.084,10200,$0.092,$0.092,$0.084
01/26/2024,$0.098,6500,$0.098,$0.098,$0.098
01/25/2024,$0.08,24450,$0.08,$0.098,$0.08
01/24/2024,$0.079,7000,$0.0885,$0.0885,$0.079
01/23/2024,$0.0953,N/A,$0.0953,$0.0953,$0.0953
01/22/2024,$0.0953,2650,$0.082,$0.0953,$0.082
01/19/2024,$0.104,1000,$0.104,$0.104,$0.104
01/18/2024,$0.0822,2000,$0.0822,$0.0822,$0.0822
01/17/2024,$0.09,12200,$0.104,$0.104,$0.09
01/16/2024,$0.116,N/A,$0.116,$0.116,$0.116
01/12/2024,$0.116,N/A,$0.116,$0.116,$0.116
01/11/2024,$0.116,1500,$0.1083,$0.116,$0.1083
01/10/2024,$0.094,N/A,$0.094,$0.094,$0.094
01/09/2024,$0.094,55100,$0.118,$0.118,$0.094
01/08/2024,$0.10,8111,$0.118,$0.118,$0.10
01/05/2024,$0.094,1000,$0.094,$0.094,$0.094
01/04/2024,$0.084,N/A,$0.084,$0.084,$0.084
01/03/2024,$0.084,N/A,$0.084,$0.084,$0.084
01/02/2024,$0.084,1700,$0.084,$0.084,$0.084
12/29/2023,$0.08,N/A,$0.08,$0.08,$0.08
12/28/2023,$0.08,125295,$0.082,$0.094,$0.08
12/27/2023,$0.081,10500,$0.081,$0.081,$0.081
12/26/2023,$0.0915,1000,$0.0915,$0.0915,$0.0915
12/22/2023,$0.08,N/A,$0.08,$0.08,$0.08
12/21/2023,$0.08,5000,$0.089,$0.089,$0.08
12/20/2023,$0.0755,6000,$0.0815,$0.0815,$0.073
12/19/2023,$0.09,9500,$0.085,$0.091,$0.082
12/18/2023,$0.098,500,$0.098,$0.098,$0.098
12/15/2023,$0.0892,102000,$0.07,$0.0892,$0.07
12/14/2023,$0.089,2000,$0.089,$0.089,$0.089
12/13/2023,$0.0985,1500,$0.0985,$0.0985,$0.0985
12/12/2023,$0.0872,N/A,$0.0872,$0.0872,$0.0872
12/11/2023,$0.0872,15900,$0.0875,$0.111,$0.087
12/08/2023,$0.11,17501,$0.11,$0.11,$0.102
12/07/2023,$0.0949,51500,$0.078,$0.0949,$0.078
12/06/2023,$0.0943,9000,$0.091,$0.0943,$0.091
12/05/2023,$0.10,16500,$0.0949,$0.10,$0.091
12/04/2023,$0.0877,34157,$0.078,$0.104,$0.078
12/01/2023,$0.0926,27752,$0.0895,$0.10,$0.079
11/30/2023,$0.094,19660,$0.076,$0.094,$0.076
11/29/2023,$0.094,15100,$0.0855,$0.094,$0.0855
11/28/2023,$0.0896,10000,$0.0865,$0.097,$0.076
11/27/2023,$0.0896,5000,$0.0865,$0.0896,$0.0865
11/24/2023,$0.086,1000,$0.086,$0.086,$0.086
11/22/2023,$0.096,71474,$0.095,$0.096,$0.075
11/21/2023,$0.095,9223,$0.103,$0.103,$0.095
11/20/2023,$0.092,15185,$0.081,$0.092,$0.081
11/17/2023,$0.07,338,$0.12,$0.12,$0.07
11/16/2023,$0.095,11777,$0.095,$0.095,$0.095
11/15/2023,$0.102,1223,$0.102,$0.102,$0.102
11/14/2023,$0.082,8000,$0.082,$0.082,$0.082
11/13/2023,$0.081,1310,$0.081,$0.081,$0.081
11/10/2023,$0.082,50250,$0.081,$0.0925,$0.081
11/09/2023,$0.10,N/A,$0.10,$0.10,$0.10
11/08/2023,$0.10,14000,$0.091,$0.10,$0.09
11/07/2023,$0.101,400,$0.101,$0.101,$0.101
11/06/2023,$0.10,3750,$0.10,$0.10,$0.10
11/03/2023,$0.10,N/A,$0.10,$0.10,$0.10
11/02/2023,$0.10,N/A,$0.10,$0.10,$0.10
11/01/2023,$0.10,N/A,$0.10,$0.10,$0.10
10/31/2023,$0.10,49000,$0.10,$0.10,$0.10
10/30/2023,$0.079,N/A,$0.079,$0.079,$0.079
10/27/2023,$0.079,N/A,$0.079,$0.079,$0.079
10/26/2023,$0.079,42260,$0.079,$0.0895,$0.079
10/25/2023,$0.08,10000,$0.09,$0.09,$0.08
10/24/2023,$0.09,26887,$0.096,$0.10,$0.08
10/23/2023,$0.096,6875,$0.095,$0.0965,$0.095
10/20/2023,$0.095,11000,$0.105,$0.105,$0.095
10/19/2023,$0.1015,800,$0.1015,$0.1015,$0.1015
10/18/2023,$0.113,4041,$0.113,$0.113,$0.113
10/17/2023,$0.096,1300,$0.096,$0.096,$0.096
10/16/2023,$0.092,14527,$0.1025,$0.1025,$0.092
10/13/2023,$0.09,10500,$0.093,$0.093,$0.08
10/12/2023,$0.08,10000,$0.08,$0.08,$0.08
10/11/2023,$0.09,8000,$0.10,$0.10,$0.08
10/10/2023,$0.1043,N/A,$0.1043,$0.1043,$0.1043
10/09/2023,$0.1043,N/A,$0.1043,$0.1043,$0.1043
10/06/2023,$0.1043,N/A,$0.1043,$0.1043,$0.1043
10/05/2023,$0.1043,7100,$0.09,$0.1043,$0.09
10/04/2023,$0.09,70000,$0.09,$0.101,$0.09
10/03/2023,$0.09,100,$0.09,$0.09,$0.09
10/02/2023,$0.093,14075,$0.106,$0.119,$0.092
09/29/2023,$0.12,N/A,$0.12,$0.12,$0.12
09/28/2023,$0.12,6546,$0.097,$0.12,$0.097
09/27/2023,$0.1135,800,$0.114,$0.114,$0.101
09/26/2023,$0.13,1000,$0.13,$0.13,$0.13
09/25/2023,$0.125,N/A,$0.125,$0.125,$0.125
09/22/2023,$0.125,N/A,$0.125,$0.125,$0.125
09/21/2023,$0.125,5100,$0.1355,$0.1355,$0.125
09/20/2023,$0.13,N/A,$0.13,$0.13,$0.13
09/19/2023,$0.13,N/A,$0.13,$0.13,$0.13
09/18/2023,$0.13,18878,$0.13,$0.13,$0.13
09/15/2023,$0.131,11190,$0.148,$0.148,$0.131
09/14/2023,$0.133,5800,$0.161,$0.161,$0.133
09/13/2023,$0.1485,1000,$0.1485,$0.1485,$0.1485
09/12/2023,$0.163,26019,$0.157,$0.163,$0.138
09/11/2023,$0.1529,12374,$0.1485,$0.163,$0.1485
09/08/2023,$0.14,410,$0.145,$0.145,$0.14
09/07/2023,$0.135,27550,$0.152,$0.152,$0.133
09/06/2023,$0.162,2000,$0.1495,$0.162,$0.1495
09/05/2023,$0.15,625,$0.15,$0.15,$0.15
09/01/2023,$0.14,4000,$0.14,$0.14,$0.14
08/31/2023,$0.142,1000,$0.142,$0.142,$0.142
08/30/2023,$0.142,2250,$0.152,$0.152,$0.142
08/29/2023,$0.15,20000,$0.15,$0.15,$0.15
08/28/2023,$0.142,2100,$0.15,$0.15,$0.14
08/25/2023,$0.14,118971,$0.147,$0.147,$0.131
08/24/2023,$0.16,14075,$0.144,$0.16,$0.144
08/23/2023,$0.145,3240,$0.16,$0.16,$0.1445
08/22/2023,$0.16,6040,$0.156,$0.1669,$0.156
08/21/2023,$0.138,N/A,$0.138,$0.138,$0.138
08/18/2023,$0.138,12500,$0.1545,$0.1545,$0.136
08/17/2023,$0.162,501,$0.162,$0.162,$0.162
08/16/2023,$0.153,11385,$0.167,$0.167,$0.153
08/15/2023,$0.14,12200,$0.14,$0.14,$0.14
08/14/2023,$0.14,48600,$0.1395,$0.167,$0.1295
08/11/2023,$0.1445,24673,$0.159,$0.159,$0.13
08/10/2023,$0.1445,8410,$0.161,$0.161,$0.13
08/09/2023,$0.1505,58237,$0.164,$0.164,$0.1382
08/08/2023,$0.16,31882,$0.163,$0.163,$0.136
08/07/2023,$0.168,30401,$0.168,$0.168,$0.136
08/04/2023,$0.1545,7069,$0.182,$0.182,$0.1545
08/03/2023,$0.136,4245,$0.1607,$0.1607,$0.136
08/02/2023,$0.13,8060,$0.1381,$0.1381,$0.13
08/01/2023,$0.1407,14400,$0.154,$0.154,$0.125
07/31/2023,$0.142,63700,$0.156,$0.156,$0.128
07/28/2023,$0.1272,3000,$0.1311,$0.1311,$0.1272
07/27/2023,$0.1255,7794,$0.134,$0.134,$0.125
07/26/2023,$0.15,3100,$0.135,$0.15,$0.135
07/25/2023,$0.128,86450,$0.14,$0.142,$0.125
07/24/2023,$0.129,75289,$0.14,$0.14,$0.118
07/21/2023,$0.14,147858,$0.14,$0.14,$0.117
07/20/2023,$0.125,54934,$0.141,$0.141,$0.12
07/19/2023,$0.12,189300,$0.138,$0.138,$0.113
07/18/2023,$0.12,32365,$0.128,$0.14,$0.115
07/17/2023,$0.141,22611,$0.144,$0.144,$0.13
07/14/2023,$0.137,7102,$0.144,$0.144,$0.13
07/13/2023,$0.1332,37348,$0.13,$0.135,$0.125
07/12/2023,$0.135,49500,$0.135,$0.146,$0.135
07/11/2023,$0.129,71826,$0.14,$0.14,$0.113
07/10/2023,$0.14,100376,$0.147,$0.147,$0.13
07/07/2023,$0.148,50596,$0.147,$0.148,$0.13
07/06/2023,$0.1283,23536,$0.109,$0.13,$0.109
07/05/2023,$0.1238,121360,$0.126,$0.1265,$0.116
07/03/2023,$0.115,277576,$0.1083,$0.118,$0.1051
06/30/2023,$0.1082,588299,$0.1139,$0.115,$0.0945
06/29/2023,$0.108,467203,$0.112,$0.112,$0.105
06/28/2023,$0.115,375212,$0.1414,$0.1414,$0.09
06/27/2023,$0.11,106534,$0.13,$0.1393,$0.105
06/26/2023,$0.1258,48272,$0.1407,$0.1407,$0.0999
06/23/2023,$0.1393,800,$0.07,$0.1393,$0.07
06/22/2023,$0.07,200,$0.07,$0.07,$0.07
06/21/2023,$0.07,N/A,$0.07,$0.07,$0.07
06/20/2023,$0.07,N/A,$0.07,$0.07,$0.07
06/16/2023,$0.07,N/A,$0.07,$0.07,$0.07
06/15/2023,$0.07,100,$0.07,$0.07,$0.07
06/14/2023,$0.07,N/A,$0.07,$0.07,$0.07
06/13/2023,$0.07,N/A,$0.07,$0.07,$0.07
06/12/2023,$0.07,N/A,$0.07,$0.07,$0.07
06/09/2023,$0.07,1000,$0.07,$0.07,$0.07
06/08/2023,$0.1473,N/A,$0.1473,$0.1473,$0.1473
06/07/2023,$0.1473,100,$0.1473,$0.1473,$0.1473
06/06/2023,$0.15,N/A,$0.15,$0.15,$0.15
06/05/2023,$0.15,720,$0.15,$0.15,$0.15
06/02/2023,$0.15,N/A,$0.15,$0.15,$0.15
06/01/2023,$0.15,N/A,$0.15,$0.15,$0.15
05/31/2023,$0.15,3400,$0.15,$0.15,$0.15
05/30/2023,$0.18,N/A,$0.18,$0.18,$0.18
05/26/2023,$0.18,N/A,$0.18,$0.18,$0.18
05/25/2023,$0.18,N/A,$0.18,$0.18,$0.18
05/24/2023,$0.18,N/A,$0.18,$0.18,$0.18
05/23/2023,$0.18,280,$0.18,$0.18,$0.18
05/22/2023,$0.18,1000,$0.18,$0.18,$0.18
05/19/2023,$0.1774,5400,$0.1803,$0.1803,$0.1774
05/18/2023,$0.1872,N/A,$0.1872,$0.1872,$0.1872
05/17/2023,$0.1872,450,$0.187,$0.1872,$0.187
05/16/2023,$0.11,600,$0.11,$0.11,$0.11
05/15/2023,$0.141,N/A,$0.141,$0.141,$0.141
05/12/2023,$0.141,100,$0.141,$0.141,$0.141
05/11/2023,$0.1921,850,$0.1925,$0.1925,$0.1921
05/10/2023,$0.1843,N/A,$0.1843,$0.1843,$0.1843
05/09/2023,$0.1843,N/A,$0.1843,$0.1843,$0.1843
05/08/2023,$0.1843,550,$0.1843,$0.1843,$0.1843
05/05/2023,$0.15,20000,$0.15,$0.15,$0.15
05/04/2023,$0.15,N/A,$0.15,$0.15,$0.15
05/03/2023,$0.15,22000,$0.15,$0.15,$0.15
05/02/2023,$0.1939,N/A,$0.1939,$0.1939,$0.1939
05/01/2023,$0.1939,1256,$0.1541,$0.1941,$0.1541
04/28/2023,$0.1939,450,$0.1939,$0.1939,$0.1939
04/27/2023,$0.20,N/A,$0.20,$0.20,$0.20
04/26/2023,$0.20,N/A,$0.20,$0.20,$0.20
04/25/2023,$0.20,N/A,$0.20,$0.20,$0.20
04/24/2023,$0.20,1001,$0.20,$0.20,$0.20
04/21/2023,$0.20,3350,$0.20,$0.20,$0.20
04/20/2023,$0.1476,5400,$0.199,$0.199,$0.1476
04/19/2023,$0.20,N/A,$0.20,$0.20,$0.20
04/18/2023,$0.20,N/A,$0.20,$0.20,$0.20
04/17/2023,$0.20,N/A,$0.20,$0.20,$0.20
04/14/2023,$0.20,200,$0.20,$0.20,$0.20
04/13/2023,$0.20,N/A,$0.20,$0.20,$0.20
04/12/2023,$0.20,N/A,$0.20,$0.20,$0.20
04/11/2023,$0.20,N/A,$0.20,$0.20,$0.20
04/10/2023,$0.20,300,$0.20,$0.20,$0.20
04/06/2023,$0.17,N/A,$0.17,$0.17,$0.17
04/05/2023,$0.17,N/A,$0.17,$0.17,$0.17
04/04/2023,$0.17,11150,$0.20,$0.20,$0.17
04/03/2023,$0.1661,N/A,$0.1661,$0.1661,$0.1661
03/31/2023,$0.1661,N/A,$0.1661,$0.1661,$0.1661
03/30/2023,$0.1661,103,$0.1661,$0.1661,$0.1661
03/29/2023,$0.1969,535,$0.2236,$0.2236,$0.1969
03/28/2023,$0.1981,1101,$0.1981,$0.1981,$0.1981
03/27/2023,$0.23,2400,$0.185,$0.23,$0.185
03/24/2023,$0.2312,N/A,$0.2312,$0.2312,$0.2312
03/23/2023,$0.2312,15143,$0.1513,$0.2313,$0.1513
03/22/2023,$0.2303,1604,$0.2289,$0.2303,$0.2289
03/21/2023,$0.2338,N/A,$0.2338,$0.2338,$0.2338
03/20/2023,$0.2338,500,$0.2338,$0.2338,$0.2338
03/17/2023,$0.1532,N/A,$0.1532,$0.1532,$0.1532
03/16/2023,$0.1532,188,$0.1532,$0.1532,$0.1532
03/15/2023,$0.2381,N/A,$0.2381,$0.2381,$0.2381
03/14/2023,$0.2381,150,$0.2381,$0.2381,$0.2381
03/13/2023,$0.19,503,$0.19,$0.19,$0.19
03/10/2023,$0.25,200,$0.25,$0.25,$0.25
03/09/2023,$0.26,1670,$0.25,$0.26,$0.25
03/08/2023,$0.25,N/A,$0.25,$0.25,$0.25
03/07/2023,$0.25,N/A,$0.25,$0.25,$0.25
03/06/2023,$0.25,4132,$0.25,$0.25,$0.25
03/03/2023,$0.15,510,$0.15,$0.15,$0.15
03/02/2023,$0.185,N/A,$0.185,$0.185,$0.185
03/01/2023,$0.185,N/A,$0.185,$0.185,$0.185
02/28/2023,$0.185,N/A,$0.185,$0.185,$0.185
02/27/2023,$0.185,N/A,$0.185,$0.185,$0.185
02/24/2023,$0.185,N/A,$0.185,$0.185,$0.185
02/23/2023,$0.185,N/A,$0.185,$0.185,$0.185
02/22/2023,$0.185,N/A,$0.185,$0.185,$0.185
02/21/2023,$0.185,N/A,$0.185,$0.185,$0.185
02/17/2023,$0.185,1210,$0.15,$0.185,$0.15
02/16/2023,$0.1515,193,$0.1515,$0.1515,$0.1515
02/15/2023,$0.19,N/A,$0.19,$0.19,$0.19
02/14/2023,$0.19,N/A,$0.19,$0.19,$0.19
02/13/2023,$0.19,601,$0.20,$0.20,$0.19
02/10/2023,$0.20,N/A,$0.20,$0.20,$0.20
02/09/2023,$0.20,1000,$0.20,$0.20,$0.20
02/08/2023,$0.20,402,$0.20,$0.20,$0.20
02/07/2023,$0.35,870,$0.24,$0.35,$0.24
02/06/2023,$0.215,N/A,$0.215,$0.215,$0.215
02/03/2023,$0.215,N/A,$0.215,$0.215,$0.215
02/02/2023,$0.215,N/A,$0.215,$0.215,$0.215
02/01/2023,$0.215,N/A,$0.215,$0.215,$0.215
01/31/2023,$0.215,N/A,$0.215,$0.215,$0.215
01/30/2023,$0.215,N/A,$0.215,$0.215,$0.215
01/27/2023,$0.215,478,$0.25,$0.25,$0.215
01/26/2023,$0.15,N/A,$0.15,$0.15,$0.15
01/25/2023,$0.15,N/A,$0.15,$0.15,$0.15
01/24/2023,$0.15,500,$0.15,$0.15,$0.15
01/23/2023,$0.15,N/A,$0.15,$0.15,$0.15
01/20/2023,$0.15,N/A,$0.15,$0.15,$0.15
01/19/2023,$0.15,10288,$0.15,$0.15,$0.15
01/18/2023,$0.25,N/A,$0.25,$0.25,$0.25
01/17/2023,$0.25,N/A,$0.25,$0.25,$0.25
01/13/2023,$0.25,10000,$0.25,$0.25,$0.25
01/12/2023,$0.25,2034,$0.15,$0.25,$0.15
01/11/2023,$0.15,N/A,$0.15,$0.15,$0.15
01/10/2023,$0.15,N/A,$0.15,$0.15,$0.15
01/09/2023,$0.15,N/A,$0.15,$0.15,$0.15
01/06/2023,$0.15,N/A,$0.15,$0.15,$0.15
01/05/2023,$0.15,N/A,$0.15,$0.15,$0.15
01/04/2023,$0.15,1000,$0.15,$0.15,$0.15
01/03/2023,$0.215,2400,$0.25,$0.25,$0.215
12/30/2022,$0.15,N/A,$0.15,$0.15,$0.15
12/29/2022,$0.15,100,$0.15,$0.15,$0.15
12/28/2022,$0.15,N/A,$0.15,$0.15,$0.15
12/27/2022,$0.15,N/A,$0.15,$0.15,$0.15
12/23/2022,$0.15,N/A,$0.15,$0.15,$0.15
12/22/2022,$0.15,130,$0.15,$0.15,$0.15
12/21/2022,$0.25,N/A,$0.25,$0.25,$0.25
12/20/2022,$0.25,N/A,$0.25,$0.25,$0.25
12/19/2022,$0.25,2000,$0.25,$0.25,$0.25
12/16/2022,$0.25,N/A,$0.25,$0.25,$0.25
12/15/2022,$0.25,N/A,$0.25,$0.25,$0.25
12/14/2022,$0.25,N/A,$0.25,$0.25,$0.25
12/13/2022,$0.25,N/A,$0.25,$0.25,$0.25
12/12/2022,$0.25,N/A,$0.25,$0.25,$0.25
12/09/2022,$0.25,N/A,$0.25,$0.25,$0.25
12/08/2022,$0.25,1580,$0.25,$0.25,$0.25
12/07/2022,$0.25,1500,$0.25,$0.25,$0.25
12/06/2022,$0.15,N/A,$0.15,$0.15,$0.15
12/05/2022,$0.15,N/A,$0.15,$0.15,$0.15
12/02/2022,$0.15,N/A,$0.15,$0.15,$0.15
12/01/2022,$0.15,1000,$0.15,$0.15,$0.15
11/30/2022,$0.25,N/A,$0.25,$0.25,$0.25
11/29/2022,$0.25,N/A,$0.25,$0.25,$0.25
11/28/2022,$0.25,N/A,$0.25,$0.25,$0.25
11/25/2022,$0.25,N/A,$0.25,$0.25,$0.25
11/23/2022,$0.25,1600,$0.25,$0.25,$0.25
11/22/2022,$0.20,100,$0.20,$0.20,$0.20
11/21/2022,$0.25,2400,$0.25,$0.25,$0.25
11/18/2022,$0.25,N/A,$0.25,$0.25,$0.25
11/17/2022,$0.25,N/A,$0.25,$0.25,$0.25
11/16/2022,$0.25,250,$0.25,$0.25,$0.25
11/15/2022,$0.25,N/A,$0.25,$0.25,$0.25
11/14/2022,$0.25,N/A,$0.25,$0.25,$0.25
11/11/2022,$0.25,100,$0.25,$0.25,$0.25
11/10/2022,$0.1513,N/A,$0.1513,$0.1513,$0.1513
11/09/2022,$0.1513,N/A,$0.1513,$0.1513,$0.1513
11/08/2022,$0.1513,N/A,$0.1513,$0.1513,$0.1513
11/07/2022,$0.1513,N/A,$0.1513,$0.1513,$0.1513
11/04/2022,$0.1513,N/A,$0.1513,$0.1513,$0.1513
11/03/2022,$0.1513,N/A,$0.1513,$0.1513,$0.1513
11/02/2022,$0.1513,600,$0.25,$0.25,$0.1513
11/01/2022,$0.15,N/A,$0.15,$0.15,$0.15
10/31/2022,$0.15,500,$0.25,$0.25,$0.15
10/28/2022,$0.25,N/A,$0.25,$0.25,$0.25
10/27/2022,$0.25,N/A,$0.25,$0.25,$0.25
10/26/2022,$0.25,100,$0.25,$0.25,$0.25
10/25/2022,$0.25,2000,$0.25,$0.25,$0.25
10/24/2022,$0.25,N/A,$0.25,$0.25,$0.25
10/21/2022,$0.25,2000,$0.25,$0.25,$0.25
10/20/2022,$0.30,N/A,$0.30,$0.30,$0.30
10/19/2022,$0.30,N/A,$0.30,$0.30,$0.30
10/18/2022,$0.30,1300,$0.30,$0.30,$0.30
10/17/2022,$0.25,N/A,$0.25,$0.25,$0.25
10/14/2022,$0.25,N/A,$0.25,$0.25,$0.25
10/13/2022,$0.25,N/A,$0.25,$0.25,$0.25
10/12/2022,$0.25,100,$0.25,$0.25,$0.25
10/11/2022,$0.25,900,$0.25,$0.25,$0.25
10/10/2022,$0.192,21000,$0.192,$0.192,$0.192
10/07/2022,$0.205,10200,$0.235,$0.235,$0.205
10/06/2022,$0.30,800,$0.30,$0.30,$0.30
10/05/2022,$0.30,5000,$0.30,$0.30,$0.30
10/04/2022,$0.23,N/A,$0.23,$0.23,$0.23
10/03/2022,$0.23,N/A,$0.23,$0.23,$0.23
09/30/2022,$0.23,9900,$0.25,$0.30,$0.23
09/29/2022,$0.318,N/A,$0.318,$0.318,$0.318
09/28/2022,$0.318,N/A,$0.318,$0.318,$0.318
09/27/2022,$0.318,N/A,$0.318,$0.318,$0.318
09/26/2022,$0.318,2000,$0.45,$0.45,$0.318
09/23/2022,$0.34,100,$0.34,$0.34,$0.34
09/22/2022,$0.35,N/A,$0.35,$0.35,$0.35
09/21/2022,$0.35,N/A,$0.35,$0.35,$0.35
09/20/2022,$0.35,N/A,$0.35,$0.35,$0.35
09/19/2022,$0.35,N/A,$0.35,$0.35,$0.35
09/16/2022,$0.35,N/A,$0.35,$0.35,$0.35
09/15/2022,$0.35,N/A,$0.35,$0.35,$0.35
09/14/2022,$0.35,N/A,$0.35,$0.35,$0.35
09/13/2022,$0.35,N/A,$0.35,$0.35,$0.35
09/12/2022,$0.35,400,$0.45,$0.45,$0.35
09/09/2022,$0.35,N/A,$0.35,$0.35,$0.35
09/08/2022,$0.35,N/A,$0.35,$0.35,$0.35
09/07/2022,$0.35,N/A,$0.35,$0.35,$0.35
09/06/2022,$0.35,1230,$0.45,$0.45,$0.35
09/02/2022,$0.3838,N/A,$0.3838,$0.3838,$0.3838
09/01/2022,$0.3838,N/A,$0.3838,$0.3838,$0.3838
08/31/2022,$0.3838,N/A,$0.3838,$0.3838,$0.3838
08/30/2022,$0.3838,N/A,$0.3838,$0.3838,$0.3838
08/29/2022,$0.3838,N/A,$0.3838,$0.3838,$0.3838
08/26/2022,$0.3838,N/A,$0.3838,$0.3838,$0.3838
08/25/2022,$0.3838,N/A,$0.3838,$0.3838,$0.3838
08/24/2022,$0.3838,150,$0.3838,$0.3838,$0.3838
08/23/2022,$0.40,N/A,$0.40,$0.40,$0.40
08/22/2022,$0.40,N/A,$0.40,$0.40,$0.40
08/19/2022,$0.40,930,$0.40,$0.40,$0.40
08/18/2022,$0.42,N/A,$0.42,$0.42,$0.42
08/17/2022,$0.42,N/A,$0.42,$0.42,$0.42
08/16/2022,$0.42,N/A,$0.42,$0.42,$0.42
08/15/2022,$0.42,1247,$0.41,$0.42,$0.41
08/12/2022,$0.40,144,$0.40,$0.40,$0.40
08/11/2022,$0.40,1290,$0.40,$0.40,$0.40
08/10/2022,$0.35,N/A,$0.35,$0.35,$0.35
08/09/2022,$0.35,602,$0.35,$0.35,$0.35
08/08/2022,$0.417,100,$0.417,$0.417,$0.417
08/05/2022,$0.35,N/A,$0.35,$0.35,$0.35
08/04/2022,$0.35,775,$0.35,$0.35,$0.35
08/03/2022,$0.35,N/A,$0.35,$0.35,$0.35
08/02/2022,$0.35,100,$0.35,$0.35,$0.35
08/01/2022,$0.32,N/A,$0.32,$0.32,$0.32
07/29/2022,$0.32,N/A,$0.32,$0.32,$0.32
07/28/2022,$0.32,100,$0.32,$0.32,$0.32
07/27/2022,$0.305,150,$0.305,$0.305,$0.305
07/26/2022,$0.40,N/A,$0.40,$0.40,$0.40
07/25/2022,$0.40,N/A,$0.40,$0.40,$0.40
07/22/2022,$0.40,N/A,$0.40,$0.40,$0.40
07/21/2022,$0.40,N/A,$0.40,$0.40,$0.40
07/20/2022,$0.40,N/A,$0.40,$0.40,$0.40
07/19/2022,$0.40,N/A,$0.40,$0.40,$0.40
07/18/2022,$0.40,100,$0.40,$0.40,$0.40
07/15/2022,$0.35,N/A,$0.35,$0.35,$0.35
07/14/2022,$0.35,N/A,$0.35,$0.35,$0.35
07/13/2022,$0.35,N/A,$0.35,$0.35,$0.35
07/12/2022,$0.35,N/A,$0.35,$0.35,$0.35
07/11/2022,$0.35,N/A,$0.35,$0.35,$0.35
07/08/2022,$0.35,N/A,$0.35,$0.35,$0.35
07/07/2022,$0.35,N/A,$0.35,$0.35,$0.35
07/06/2022,$0.35,6000,$0.35,$0.35,$0.35
07/05/2022,$0.30,N/A,$0.30,$0.30,$0.30
07/01/2022,$0.30,310,$0.30,$0.30,$0.30
06/30/2022,$0.40,N/A,$0.40,$0.40,$0.40
06/29/2022,$0.40,N/A,$0.40,$0.40,$0.40
06/28/2022,$0.40,N/A,$0.40,$0.40,$0.40
06/27/2022,$0.40,N/A,$0.40,$0.40,$0.40
06/24/2022,$0.40,400,$0.40,$0.40,$0.40
06/23/2022,$0.40,120,$0.40,$0.40,$0.40
06/22/2022,$0.323,N/A,$0.323,$0.323,$0.323
06/21/2022,$0.323,30789,$0.3728,$0.40,$0.32
06/17/2022,$0.3648,1250,$0.40,$0.40,$0.3648
06/16/2022,$0.39,100,$0.39,$0.39,$0.39
06/15/2022,$0.388,N/A,$0.388,$0.388,$0.388
06/14/2022,$0.388,1500,$0.40,$0.40,$0.388
06/13/2022,$0.403,N/A,$0.403,$0.403,$0.403
06/10/2022,$0.403,N/A,$0.403,$0.403,$0.403
06/09/2022,$0.403,N/A,$0.403,$0.403,$0.403
06/08/2022,$0.403,2720,$0.403,$0.403,$0.403
06/07/2022,$0.403,N/A,$0.403,$0.403,$0.403
06/06/2022,$0.403,N/A,$0.403,$0.403,$0.403
06/03/2022,$0.403,N/A,$0.403,$0.403,$0.403
06/02/2022,$0.403,N/A,$0.403,$0.403,$0.403
06/01/2022,$0.403,2280,$0.403,$0.403,$0.403
05/31/2022,$0.30,N/A,$0.30,$0.30,$0.30
05/27/2022,$0.30,N/A,$0.30,$0.30,$0.30
05/26/2022,$0.30,N/A,$0.30,$0.30,$0.30
05/25/2022,$0.30,N/A,$0.30,$0.30,$0.30
05/24/2022,$0.30,N/A,$0.30,$0.30,$0.30
05/23/2022,$0.30,N/A,$0.30,$0.30,$0.30
05/20/2022,$0.30,N/A,$0.30,$0.30,$0.30
05/19/2022,$0.30,N/A,$0.30,$0.30,$0.30
05/18/2022,$0.30,N/A,$0.30,$0.30,$0.30
05/17/2022,$0.30,N/A,$0.30,$0.30,$0.30
05/16/2022,$0.30,N/A,$0.30,$0.30,$0.30
05/13/2022,$0.30,N/A,$0.30,$0.30,$0.30
05/12/2022,$0.30,600,$0.30,$0.30,$0.30
05/11/2022,$0.37,5750,$0.37,$0.37,$0.37
05/10/2022,$0.3665,650,$0.37,$0.37,$0.3083
05/09/2022,$0.42,N/A,$0.42,$0.42,$0.42
05/06/2022,$0.42,N/A,$0.42,$0.42,$0.42
05/05/2022,$0.42,N/A,$0.42,$0.42,$0.42
05/04/2022,$0.42,N/A,$0.42,$0.42,$0.42
05/03/2022,$0.42,275,$0.42,$0.42,$0.42
05/02/2022,$0.36,300,$0.36,$0.36,$0.36
04/29/2022,$0.35,N/A,$0.35,$0.35,$0.35
04/28/2022,$0.35,N/A,$0.35,$0.35,$0.35
04/27/2022,$0.35,100,$0.35,$0.35,$0.35
04/26/2022,$0.365,N/A,$0.365,$0.365,$0.365
04/25/2022,$0.365,N/A,$0.365,$0.365,$0.365
04/22/2022,$0.365,1340,$0.365,$0.365,$0.365
04/21/2022,$0.495,244,$0.495,$0.495,$0.495
04/20/2022,$0.50,500,$0.50,$0.50,$0.50
04/19/2022,$0.50,350,$0.50,$0.50,$0.50
04/18/2022,$0.50,2000,$0.425,$0.50,$0.425
04/14/2022,$0.36,N/A,$0.36,$0.36,$0.36
04/13/2022,$0.36,900,$0.3844,$0.3844,$0.36
04/12/2022,$0.50,435,$0.50,$0.50,$0.50
04/11/2022,$0.4325,850,$0.50,$0.50,$0.4325
04/08/2022,$0.45,925,$0.35,$0.45,$0.35
04/07/2022,$0.50,1203,$0.50,$0.50,$0.405
04/06/2022,$0.50,N/A,$0.50,$0.50,$0.50
04/05/2022,$0.50,1000,$0.50,$0.50,$0.50
04/04/2022,$0.46,10050,$0.46,$0.46,$0.46
04/01/2022,$0.405,N/A,$0.405,$0.405,$0.405
03/31/2022,$0.405,N/A,$0.405,$0.405,$0.405
03/30/2022,$0.405,588,$0.405,$0.405,$0.405
03/29/2022,$0.355,330,$0.45,$0.45,$0.355
03/28/2022,$0.38,N/A,$0.38,$0.38,$0.38
03/25/2022,$0.38,3200,$0.30,$0.38,$0.30
03/24/2022,$0.445,1000,$0.445,$0.445,$0.445
03/23/2022,$0.45,N/A,$0.45,$0.45,$0.45
03/22/2022,$0.45,N/A,$0.45,$0.45,$0.45
03/21/2022,$0.45,15269,$0.40,$0.45,$0.40
03/18/2022,$0.35,N/A,$0.35,$0.35,$0.35
03/17/2022,$0.35,N/A,$0.35,$0.35,$0.35
03/16/2022,$0.35,N/A,$0.35,$0.35,$0.35
03/15/2022,$0.35,278,$0.35,$0.35,$0.35
03/14/2022,$0.35,N/A,$0.35,$0.35,$0.35
03/11/2022,$0.35,N/A,$0.35,$0.35,$0.35
03/10/2022,$0.35,N/A,$0.35,$0.35,$0.35
03/09/2022,$0.35,1428,$0.35,$0.35,$0.35
03/08/2022,$0.30,1100,$0.30,$0.30,$0.30
03/07/2022,$0.30,200,$0.40,$0.40,$0.30
03/04/2022,$0.40,N/A,$0.40,$0.40,$0.40
03/03/2022,$0.40,N/A,$0.40,$0.40,$0.40
03/02/2022,$0.40,7725,$0.401,$0.437,$0.40
03/01/2022,$0.50,1050,$0.50,$0.50,$0.50
02/28/2022,$0.43,171,$0.43,$0.43,$0.43
02/25/2022,$0.50,820,$0.48,$0.50,$0.48
02/24/2022,$0.4965,N/A,$0.4965,$0.4965,$0.4965
02/23/2022,$0.4965,N/A,$0.4965,$0.4965,$0.4965
02/22/2022,$0.4965,300,$0.50,$0.50,$0.4965
02/18/2022,$0.49,N/A,$0.49,$0.49,$0.49
02/17/2022,$0.49,N/A,$0.49,$0.49,$0.49
02/16/2022,$0.49,N/A,$0.49,$0.49,$0.49
02/15/2022,$0.49,275,$0.55,$0.55,$0.49
02/14/2022,$0.42,N/A,$0.42,$0.42,$0.42
02/11/2022,$0.42,N/A,$0.42,$0.42,$0.42
02/10/2022,$0.42,100,$0.42,$0.42,$0.42
02/09/2022,$0.46,N/A,$0.46,$0.46,$0.46
02/08/2022,$0.46,N/A,$0.46,$0.46,$0.46
02/07/2022,$0.46,11906,$0.50,$0.50,$0.46
02/04/2022,$0.4643,N/A,$0.4643,$0.4643,$0.4643
02/03/2022,$0.4643,N/A,$0.4643,$0.4643,$0.4643
02/02/2022,$0.4643,N/A,$0.4643,$0.4643,$0.4643
02/01/2022,$0.4643,N/A,$0.4643,$0.4643,$0.4643
01/31/2022,$0.4643,N/A,$0.4643,$0.4643,$0.4643
01/28/2022,$0.4643,N/A,$0.4643,$0.4643,$0.4643
01/27/2022,$0.4643,N/A,$0.4643,$0.4643,$0.4643
01/26/2022,$0.4643,N/A,$0.4643,$0.4643,$0.4643
01/25/2022,$0.4643,N/A,$0.4643,$0.4643,$0.4643
01/24/2022,$0.4643,18075,$0.48,$0.48,$0.4643
01/21/2022,$0.60,1317,$0.60,$0.60,$0.585
01/20/2022,$0.5925,10950,$0.5895,$0.5925,$0.585
01/19/2022,$0.5725,N/A,$0.5725,$0.5725,$0.5725
01/18/2022,$0.5725,730,$0.65,$0.65,$0.5725
01/14/2022,$0.5001,N/A,$0.5001,$0.5001,$0.5001
01/13/2022,$0.5001,N/A,$0.5001,$0.5001,$0.5001
01/12/2022,$0.5001,N/A,$0.5001,$0.5001,$0.5001
01/11/2022,$0.5001,32950,$0.60,$0.60,$0.50
01/10/2022,$0.60,N/A,$0.60,$0.60,$0.60
01/07/2022,$0.60,450,$0.5999,$0.60,$0.5999
01/06/2022,$0.60,256,$0.60,$0.60,$0.60
01/05/2022,$0.45,N/A,$0.45,$0.45,$0.45
01/04/2022,$0.45,250,$0.45,$0.45,$0.45
01/03/2022,$0.4501,100,$0.4501,$0.4501,$0.4501
12/31/2021,$0.45,N/A,$0.45,$0.45,$0.45
12/30/2021,$0.45,N/A,$0.45,$0.45,$0.45
12/29/2021,$0.45,N/A,$0.45,$0.45,$0.45
12/28/2021,$0.45,12000,$0.45,$0.45,$0.45
12/27/2021,$0.60,13996,$0.45,$0.60,$0.45
12/23/2021,$0.475,N/A,$0.475,$0.475,$0.475
12/22/2021,$0.475,N/A,$0.475,$0.475,$0.475
12/21/2021,$0.475,6010,$0.475,$0.475,$0.475
12/20/2021,$0.40,N/A,$0.40,$0.40,$0.40
12/17/2021,$0.40,N/A,$0.40,$0.40,$0.40
12/16/2021,$0.40,N/A,$0.40,$0.40,$0.40
12/15/2021,$0.40,1001,$0.40,$0.40,$0.40
12/14/2021,$0.53,4385,$0.50,$0.55,$0.50
12/13/2021,$0.60,N/A,$0.60,$0.60,$0.60
12/10/2021,$0.60,510,$0.60,$0.60,$0.60
12/09/2021,$0.60,288,$0.60,$0.60,$0.60
12/08/2021,$0.50,N/A,$0.50,$0.50,$0.50
12/07/2021,$0.50,1575,$0.50,$0.50,$0.50
12/06/2021,$0.45,160,$0.45,$0.45,$0.45
12/03/2021,$0.465,N/A,$0.465,$0.465,$0.465
12/02/2021,$0.465,N/A,$0.465,$0.465,$0.465
12/01/2021,$0.465,100,$0.465,$0.465,$0.465
11/30/2021,$0.525,N/A,$0.525,$0.525,$0.525
11/29/2021,$0.525,1517,$0.55,$0.55,$0.525
11/26/2021,$0.585,1555,$0.60,$0.60,$0.585
11/24/2021,$0.6499,770,$0.65,$0.65,$0.6499
11/23/2021,$0.65,400,$0.585,$0.65,$0.585
11/22/2021,$0.65,600,$0.585,$0.65,$0.585
11/19/2021,$0.585,1000,$0.585,$0.585,$0.585
11/18/2021,$0.585,280,$0.585,$0.585,$0.585
11/17/2021,$0.70,2200,$0.70,$0.70,$0.70
11/16/2021,$0.70,413,$0.70,$0.70,$0.70
11/15/2021,$0.60,9646,$0.75,$0.75,$0.60
11/12/2021,$0.75,200,$0.605,$0.75,$0.605
11/11/2021,$0.685,9464,$0.75,$0.75,$0.685
11/10/2021,$0.60,5412,$0.70,$0.735,$0.60
11/09/2021,$0.72,N/A,$0.72,$0.72,$0.72
11/08/2021,$0.72,N/A,$0.72,$0.72,$0.72
11/05/2021,$0.72,800,$0.72,$0.72,$0.72
11/04/2021,$0.60,1100,$0.70,$0.70,$0.60
11/03/2021,$0.70,2500,$0.63,$0.70,$0.63
11/02/2021,$0.68,1840,$0.70,$0.70,$0.68
11/01/2021,$0.70,3153,$0.70,$0.70,$0.6565
10/29/2021,$0.6321,370,$0.70,$0.70,$0.6321
10/28/2021,$0.6675,1550,$0.70,$0.70,$0.6675
10/27/2021,$0.495,N/A,$0.495,$0.495,$0.495
10/26/2021,$0.495,N/A,$0.495,$0.495,$0.495
10/25/2021,$0.495,500,$0.495,$0.495,$0.495
10/22/2021,$0.495,850,$0.55,$0.55,$0.495
10/21/2021,$0.55,N/A,$0.55,$0.55,$0.55
10/20/2021,$0.55,1321,$0.60,$0.60,$0.55
10/19/2021,$0.59,380,$0.60,$0.60,$0.59
10/18/2021,$0.52,N/A,$0.52,$0.52,$0.52
10/15/2021,$0.52,N/A,$0.52,$0.52,$0.52
10/14/2021,$0.52,7506,$0.56,$0.56,$0.52
10/13/2021,$0.58,1000,$0.58,$0.58,$0.58
10/12/2021,$0.60,N/A,$0.60,$0.60,$0.60
10/11/2021,$0.60,1413,$0.59,$0.60,$0.59
10/08/2021,$0.58,2145,$0.605,$0.605,$0.58
10/07/2021,$0.65,1908,$0.638,$0.65,$0.60
10/06/2021,$0.60,4300,$0.60,$0.60,$0.60
10/05/2021,$0.56,1004,$0.56,$0.56,$0.56
10/04/2021,$0.56,N/A,$0.56,$0.56,$0.56
10/01/2021,$0.56,N/A,$0.56,$0.56,$0.56
09/30/2021,$0.56,300,$0.6499,$0.6499,$0.56
09/29/2021,$0.7033,N/A,$0.7033,$0.7033,$0.7033
09/28/2021,$0.7033,N/A,$0.7033,$0.7033,$0.7033
09/27/2021,$0.7033,N/A,$0.7033,$0.7033,$0.7033
09/24/2021,$0.7033,N/A,$0.7033,$0.7033,$0.7033
09/23/2021,$0.7033,N/A,$0.7033,$0.7033,$0.7033
09/22/2021,$0.7033,N/A,$0.7033,$0.7033,$0.7033
09/21/2021,$0.7033,9962,$0.7033,$0.7033,$0.7033
09/20/2021,$0.70,N/A,$0.70,$0.70,$0.70
09/17/2021,$0.70,N/A,$0.70,$0.70,$0.70
09/16/2021,$0.70,N/A,$0.70,$0.70,$0.70
09/15/2021,$0.70,N/A,$0.70,$0.70,$0.70
09/14/2021,$0.70,200,$0.7335,$0.7335,$0.70
09/13/2021,$0.6903,400,$0.76,$0.76,$0.6903
09/10/2021,$0.6903,N/A,$0.6903,$0.6903,$0.6903
09/09/2021,$0.6903,N/A,$0.6903,$0.6903,$0.6903
09/08/2021,$0.6903,539,$1.10,$1.10,$0.6903
09/07/2021,$1.20,12445,$1.20,$1.20,$1.20
09/03/2021,$0.78,N/A,$0.78,$0.78,$0.78
09/02/2021,$0.78,N/A,$0.78,$0.78,$0.78
09/01/2021,$0.78,4445,$0.78,$0.78,$0.78
08/31/2021,$0.73,245,$0.73,$0.73,$0.73
08/30/2021,$0.735,N/A,$0.735,$0.735,$0.735
08/27/2021,$0.735,N/A,$0.735,$0.735,$0.735
08/26/2021,$0.735,N/A,$0.735,$0.735,$0.735
08/25/2021,$0.735,N/A,$0.735,$0.735,$0.735
08/24/2021,$0.735,N/A,$0.735,$0.735,$0.735
08/23/2021,$0.735,9760,$1.20,$1.20,$0.735
08/20/2021,$0.82,200,$0.82,$0.82,$0.82
08/19/2021,$0.82,N/A,$0.82,$0.82,$0.82
08/18/2021,$0.82,1020,$0.99,$0.99,$0.82
08/17/2021,$0.82,486,$0.83,$0.83,$0.82
08/16/2021,$1.25,1085,$0.6903,$1.25,$0.6903
08/13/2021,$0.7003,151,$0.7003,$0.7003,$0.7003
08/12/2021,$0.82,N/A,$0.82,$0.82,$0.82
08/11/2021,$0.82,400,$0.82,$0.82,$0.82
08/10/2021,$1.10,628,$1.25,$1.25,$1.10
08/09/2021,$0.73,N/A,$0.73,$0.73,$0.73
08/06/2021,$0.73,5000,$0.73,$0.73,$0.73
08/05/2021,$0.825,N/A,$0.825,$0.825,$0.825
08/04/2021,$0.825,133,$0.825,$0.825,$0.825
08/03/2021,$0.75,5464,$0.80,$1.00,$0.75
08/02/2021,$0.85,2000,$0.85,$0.85,$0.85
07/30/2021,$1.25,31100,$0.755,$1.25,$0.755
07/29/2021,$0.765,650,$0.80,$0.80,$0.765
07/28/2021,$0.775,N/A,$0.775,$0.775,$0.775
07/27/2021,$0.775,N/A,$0.775,$0.775,$0.775
07/26/2021,$0.775,2280,$0.80,$1.00,$0.775
07/23/2021,$0.73,1046,$0.73,$0.73,$0.73
07/22/2021,$0.655,N/A,$0.655,$0.655,$0.655
07/21/2021,$0.655,16323,$0.20,$0.655,$0.20
07/20/2021,$0.75,3177,$0.75,$0.75,$0.75
07/19/2021,$0.71,1100,$0.71,$0.71,$0.71
07/16/2021,$0.71,N/A,$0.71,$0.71,$0.71
07/15/2021,$0.71,N/A,$0.71,$0.71,$0.71
07/14/2021,$0.71,1337,$0.71,$0.71,$0.71
07/13/2021,$0.70,1300,$0.75,$0.75,$0.70
07/12/2021,$0.76,1375,$0.85,$0.85,$0.76
07/09/2021,$0.20,N/A,$0.20,$0.20,$0.20
07/08/2021,$0.20,2001,$0.72,$0.72,$0.20
07/07/2021,$0.72,N/A,$0.72,$0.72,$0.72
07/06/2021,$0.72,18679,$0.79,$0.79,$0.72
07/02/2021,$0.20,1300,$0.20,$0.20,$0.20
07/01/2021,$0.67,600,$0.4925,$0.67,$0.4925
06/30/2021,$0.65,2450,$0.825,$0.825,$0.65
06/29/2021,$0.65,330,$0.65,$0.65,$0.65
06/28/2021,$0.75,N/A,$0.75,$0.75,$0.75
06/25/2021,$0.75,2675,$0.87,$0.87,$0.70
06/24/2021,$0.76,7213,$0.761,$0.761,$0.76
06/23/2021,$0.76,N/A,$0.76,$0.76,$0.76
06/22/2021,$0.76,650,$0.76,$0.87,$0.76
06/21/2021,$0.87,842,$0.77,$0.87,$0.77
06/18/2021,$0.82,701,$7.00,$7.00,$0.65
06/17/2021,$0.70,N/A,$0.70,$0.70,$0.70
06/16/2021,$0.70,N/A,$0.70,$0.70,$0.70
06/15/2021,$0.70,985,$0.70,$0.70,$0.70
06/14/2021,$0.70,133,$0.70,$0.70,$0.70
06/11/2021,$0.70,6639,$0.70,$0.70,$0.65
06/10/2021,$0.70,N/A,$0.70,$0.70,$0.70
06/09/2021,$0.70,950,$0.70,$0.70,$0.70
06/08/2021,$0.65,N/A,$0.65,$0.65,$0.65
06/07/2021,$0.65,2300,$0.80,$0.80,$0.65
06/04/2021,$0.75,N/A,$0.75,$0.75,$0.75
06/03/2021,$0.75,1245,$0.70,$0.75,$0.70
06/02/2021,$0.70,64035,$0.70,$0.70,$0.70
06/01/2021,$0.65,N/A,$0.65,$0.65,$0.65
05/28/2021,$0.65,N/A,$0.65,$0.65,$0.65
05/27/2021,$0.65,1240,$0.70,$0.70,$0.65
05/26/2021,$0.71,176,$0.71,$0.71,$0.71
05/25/2021,$0.702,N/A,$0.702,$0.702,$0.702
05/24/2021,$0.702,N/A,$0.702,$0.702,$0.702
05/21/2021,$0.702,N/A,$0.702,$0.702,$0.702
05/20/2021,$0.702,N/A,$0.702,$0.702,$0.702
05/19/2021,$0.702,N/A,$0.702,$0.702,$0.702
05/18/2021,$0.702,N/A,$0.702,$0.702,$0.702
05/17/2021,$0.702,N/A,$0.702,$0.702,$0.702
05/14/2021,$0.702,4355,$0.72,$0.72,$0.702
05/13/2021,$0.72,1973,$0.757,$0.757,$0.71
05/12/2021,$0.757,1578,$0.80,$0.80,$0.757
05/11/2021,$0.74,4100,$0.76,$0.76,$0.72
05/10/2021,$0.704,6915,$0.655,$0.704,$0.655
05/07/2021,$0.704,25200,$0.71,$0.71,$0.704
05/06/2021,$0.72,64594,$0.75,$0.75,$0.65
05/05/2021,$0.75,1015,$0.75,$0.75,$0.75
05/04/2021,$0.65,9240,$0.72,$0.72,$0.65
05/03/2021,$0.72,N/A,$0.72,$0.72,$0.72
04/30/2021,$0.72,144,$0.72,$0.72,$0.72
04/29/2021,$0.71,N/A,$0.71,$0.71,$0.71
04/28/2021,$0.71,1435,$0.81,$0.81,$0.71
04/27/2021,$0.87,3806,$0.84,$0.87,$0.705
04/26/2021,$0.87,N/A,$0.87,$0.87,$0.87
04/23/2021,$0.87,N/A,$0.87,$0.87,$0.87
04/22/2021,$0.87,820,$0.87,$0.87,$0.87
04/21/2021,$0.891,10485,$0.87,$0.891,$0.87
04/20/2021,$0.95,2135,$0.95,$0.95,$0.95
04/19/2021,$0.90,N/A,$0.90,$0.90,$0.90
04/16/2021,$0.90,1359,$0.90,$0.90,$0.90
04/15/2021,$0.90,N/A,$0.90,$0.90,$0.90
04/14/2021,$0.90,N/A,$0.90,$0.90,$0.90
04/13/2021,$0.90,N/A,$0.90,$0.90,$0.90
04/12/2021,$0.90,N/A,$0.90,$0.90,$0.90
04/09/2021,$0.90,175,$0.90,$0.90,$0.90
04/08/2021,$0.83,N/A,$0.83,$0.83,$0.83
04/07/2021,$0.83,500,$0.83,$0.83,$0.83
04/06/2021,$0.835,2437,$0.73,$0.837,$0.73
04/05/2021,$0.70,1100,$0.675,$0.70,$0.675
04/01/2021,$0.65,N/A,$0.65,$0.65,$0.65
03/31/2021,$0.65,2222,$0.65,$0.65,$0.65
03/30/2021,$0.60,600,$0.65,$0.65,$0.60
03/29/2021,$0.73,700,$0.765,$0.765,$0.73
03/26/2021,$0.76,N/A,$0.76,$0.76,$0.76
03/25/2021,$0.76,200,$0.76,$0.76,$0.76
03/24/2021,$0.772,100,$0.772,$0.772,$0.772
03/23/2021,$0.81,1220,$0.77,$0.825,$0.77
03/22/2021,$0.80,5099,$0.80,$0.80,$0.80
03/19/2021,$0.74,5679,$0.77,$0.77,$0.74
03/18/2021,$0.73,2280,$0.74,$0.74,$0.73
03/17/2021,$0.755,N/A,$0.755,$0.755,$0.755
03/16/2021,$0.755,100,$0.755,$0.755,$0.755
03/15/2021,$0.59,N/A,$0.59,$0.59,$0.59
03/12/2021,$0.59,2050,$0.59,$0.59,$0.59
03/11/2021,$0.59,900,$0.59,$0.59,$0.59
03/10/2021,$0.60,4500,$0.60,$0.60,$0.60
03/09/2021,$0.605,N/A,$0.605,$0.605,$0.605
03/08/2021,$0.605,N/A,$0.605,$0.605,$0.605
03/05/2021,$0.605,N/A,$0.605,$0.605,$0.605
03/04/2021,$0.605,N/A,$0.605,$0.605,$0.605
03/03/2021,$0.605,N/A,$0.605,$0.605,$0.605
03/02/2021,$0.605,479,$0.63,$0.63,$0.605
03/01/2021,$0.63,11350,$0.54,$0.63,$0.54
02/26/2021,$0.48,N/A,$0.48,$0.48,$0.48
02/25/2021,$0.48,N/A,$0.48,$0.48,$0.48
02/24/2021,$0.48,2230,$0.48,$0.48,$0.48
02/23/2021,$0.48,N/A,$0.48,$0.48,$0.48
02/22/2021,$0.48,N/A,$0.48,$0.48,$0.48
02/19/2021,$0.48,4063,$0.52,$0.52,$0.45
02/18/2021,$0.54,6311,$0.54,$0.54,$0.515
02/17/2021,$0.50,520,$0.50,$0.50,$0.50
02/16/2021,$0.53,2750,$0.51,$0.53,$0.51
02/12/2021,$0.51,N/A,$0.51,$0.51,$0.51
02/11/2021,$0.51,200,$0.51,$0.51,$0.51
02/10/2021,$0.50,250,$0.50,$0.50,$0.50
02/09/2021,$0.508,1290,$0.43,$0.508,$0.43
02/08/2021,$0.52,43100,$0.545,$0.545,$0.52
02/05/2021,$0.488,N/A,$0.488,$0.488,$0.488
02/04/2021,$0.488,N/A,$0.488,$0.488,$0.488
02/03/2021,$0.488,1000,$0.488,$0.488,$0.488
02/02/2021,$0.488,1575,$0.50,$0.50,$0.488
02/01/2021,$0.49,4600,$0.49,$0.49,$0.486
01/29/2021,$0.485,1010,$0.485,$0.485,$0.485
01/28/2021,$0.55,N/A,$0.55,$0.55,$0.55
01/27/2021,$0.55,N/A,$0.55,$0.55,$0.55
01/26/2021,$0.55,N/A,$0.55,$0.55,$0.55
01/25/2021,$0.55,1000,$0.55,$0.55,$0.55
01/22/2021,$0.49,N/A,$0.49,$0.49,$0.49
01/21/2021,$0.49,100,$0.49,$0.49,$0.49
01/20/2021,$0.52,N/A,$0.52,$0.52,$0.52
01/19/2021,$0.52,500,$0.52,$0.52,$0.52
01/15/2021,$0.52,N/A,$0.52,$0.52,$0.52
01/14/2021,$0.52,N/A,$0.52,$0.52,$0.52
01/13/2021,$0.52,200,$0.52,$0.52,$0.52
01/12/2021,$0.55,104,$0.55,$0.55,$0.55
01/11/2021,$0.40,505,$0.40,$0.40,$0.40
01/08/2021,$0.47,91637,$0.56,$0.56,$0.47
01/07/2021,$0.56,1300,$0.56,$0.56,$0.56
01/06/2021,$0.49,5822,$0.45,$0.49,$0.45
01/05/2021,$0.50,N/A,$0.50,$0.50,$0.50
01/04/2021,$0.50,N/A,$0.50,$0.50,$0.50
12/31/2020,$0.50,N/A,$0.50,$0.50,$0.50
12/30/2020,$0.50,3000,$0.50,$0.50,$0.50
12/29/2020,$0.40,N/A,$0.40,$0.40,$0.40
12/28/2020,$0.40,N/A,$0.40,$0.40,$0.40
12/24/2020,$0.40,N/A,$0.40,$0.40,$0.40
12/23/2020,$0.40,N/A,$0.40,$0.40,$0.40
12/22/2020,$0.40,N/A,$0.40,$0.40,$0.40
12/21/2020,$0.40,N/A,$0.40,$0.40,$0.40
12/18/2020,$0.40,N/A,$0.40,$0.40,$0.40
12/17/2020,$0.40,N/A,$0.40,$0.40,$0.40
12/16/2020,$0.40,N/A,$0.40,$0.40,$0.40
12/15/2020,$0.40,N/A,$0.40,$0.40,$0.40
12/14/2020,$0.40,1241,$0.48,$0.48,$0.40
12/11/2020,$0.55,N/A,$0.55,$0.55,$0.55
12/10/2020,$0.55,1403,$0.57,$0.57,$0.55
12/09/2020,$0.4301,N/A,$0.4301,$0.4301,$0.4301
12/08/2020,$0.4301,N/A,$0.4301,$0.4301,$0.4301
12/07/2020,$0.4301,N/A,$0.4301,$0.4301,$0.4301
12/04/2020,$0.4301,N/A,$0.4301,$0.4301,$0.4301
12/03/2020,$0.4301,100,$0.4301,$0.4301,$0.4301
12/02/2020,$0.51,N/A,$0.51,$0.51,$0.51
12/01/2020,$0.51,250,$0.51,$0.51,$0.51
11/30/2020,$0.6247,N/A,$0.6247,$0.6247,$0.6247
11/27/2020,$0.6247,N/A,$0.6247,$0.6247,$0.6247
11/25/2020,$0.6247,N/A,$0.6247,$0.6247,$0.6247
11/24/2020,$0.6247,5000,$0.6247,$0.6247,$0.6247
11/23/2020,$0.60,100,$0.60,$0.60,$0.60
11/20/2020,$0.44,N/A,$0.44,$0.44,$0.44
11/19/2020,$0.44,N/A,$0.44,$0.44,$0.44
11/18/2020,$0.44,N/A,$0.44,$0.44,$0.44
11/17/2020,$0.44,N/A,$0.44,$0.44,$0.44
11/16/2020,$0.44,N/A,$0.44,$0.44,$0.44
11/13/2020,$0.44,N/A,$0.44,$0.44,$0.44
11/12/2020,$0.44,N/A,$0.44,$0.44,$0.44
11/11/2020,$0.44,N/A,$0.44,$0.44,$0.44
11/10/2020,$0.44,N/A,$0.44,$0.44,$0.44
11/09/2020,$0.44,909,$0.44,$0.44,$0.44
11/06/2020,$0.295,N/A,$0.295,$0.295,$0.295
11/05/2020,$0.295,N/A,$0.295,$0.295,$0.295
11/04/2020,$0.295,N/A,$0.295,$0.295,$0.295
11/03/2020,$0.295,N/A,$0.295,$0.295,$0.295
11/02/2020,$0.295,N/A,$0.295,$0.295,$0.295
10/30/2020,$0.295,N/A,$0.295,$0.295,$0.295
10/29/2020,$0.295,N/A,$0.295,$0.295,$0.295
10/28/2020,$0.295,N/A,$0.295,$0.295,$0.295
10/27/2020,$0.295,N/A,$0.295,$0.295,$0.295
10/26/2020,$0.295,N/A,$0.295,$0.295,$0.295
10/23/2020,$0.295,N/A,$0.295,$0.295,$0.295
10/22/2020,$0.295,N/A,$0.295,$0.295,$0.295
10/21/2020,$0.295,N/A,$0.295,$0.295,$0.295
10/20/2020,$0.295,N/A,$0.295,$0.295,$0.295
10/19/2020,$0.295,N/A,$0.295,$0.295,$0.295
10/16/2020,$0.295,29233,$0.295,$0.295,$0.295
10/15/2020,$0.32,N/A,$0.32,$0.32,$0.32
10/14/2020,$0.32,N/A,$0.32,$0.32,$0.32
10/13/2020,$0.32,N/A,$0.32,$0.32,$0.32
10/12/2020,$0.32,N/A,$0.32,$0.32,$0.32
10/09/2020,$0.32,N/A,$0.32,$0.32,$0.32
10/08/2020,$0.32,N/A,$0.32,$0.32,$0.32
10/07/2020,$0.32,N/A,$0.32,$0.32,$0.32
10/06/2020,$0.32,3500,$0.32,$0.32,$0.32
10/05/2020,$0.32,100,$0.32,$0.32,$0.32
10/02/2020,$0.33,N/A,$0.33,$0.33,$0.33
10/01/2020,$0.33,N/A,$0.33,$0.33,$0.33
09/30/2020,$0.33,N/A,$0.33,$0.33,$0.33
09/29/2020,$0.33,N/A,$0.33,$0.33,$0.33
09/28/2020,$0.33,N/A,$0.33,$0.33,$0.33
09/25/2020,$0.33,N/A,$0.33,$0.33,$0.33
09/24/2020,$0.33,N/A,$0.33,$0.33,$0.33
09/23/2020,$0.33,N/A,$0.33,$0.33,$0.33
09/22/2020,$0.33,N/A,$0.33,$0.33,$0.33
09/21/2020,$0.33,N/A,$0.33,$0.33,$0.33
09/18/2020,$0.33,N/A,$0.33,$0.33,$0.33
09/17/2020,$0.33,N/A,$0.33,$0.33,$0.33
09/16/2020,$0.33,N/A,$0.33,$0.33,$0.33
09/15/2020,$0.33,N/A,$0.33,$0.33,$0.33
09/14/2020,$0.33,N/A,$0.33,$0.33,$0.33
09/11/2020,$0.33,N/A,$0.33,$0.33,$0.33
09/10/2020,$0.33,N/A,$0.33,$0.33,$0.33
09/09/2020,$0.33,N/A,$0.33,$0.33,$0.33
09/08/2020,$0.33,919,$0.33,$0.33,$0.33
09/04/2020,$0.336,N/A,$0.336,$0.336,$0.336
09/03/2020,$0.336,N/A,$0.336,$0.336,$0.336
09/02/2020,$0.336,N/A,$0.336,$0.336,$0.336
09/01/2020,$0.336,N/A,$0.336,$0.336,$0.336
08/31/2020,$0.336,N/A,$0.336,$0.336,$0.336
08/28/2020,$0.336,N/A,$0.336,$0.336,$0.336
08/27/2020,$0.336,N/A,$0.336,$0.336,$0.336
08/26/2020,$0.336,N/A,$0.336,$0.336,$0.336
08/25/2020,$0.336,N/A,$0.336,$0.336,$0.336
08/24/2020,$0.336,N/A,$0.336,$0.336,$0.336
08/21/2020,$0.336,N/A,$0.336,$0.336,$0.336
08/20/2020,$0.336,N/A,$0.336,$0.336,$0.336
08/19/2020,$0.336,N/A,$0.336,$0.336,$0.336
08/18/2020,$0.336,209,$0.336,$0.336,$0.336
08/17/2020,$0.38,N/A,$0.38,$0.38,$0.38
08/14/2020,$0.38,N/A,$0.38,$0.38,$0.38
08/13/2020,$0.38,N/A,$0.38,$0.38,$0.38
08/12/2020,$0.38,25800,$0.38,$0.38,$0.38
08/11/2020,$0.29,N/A,$0.29,$0.29,$0.29
08/10/2020,$0.29,N/A,$0.29,$0.29,$0.29
08/07/2020,$0.29,24500,$0.29,$0.29,$0.29
08/06/2020,$0.29,N/A,$0.29,$0.29,$0.29
08/05/2020,$0.29,N/A,$0.29,$0.29,$0.29
08/04/2020,$0.29,N/A,$0.29,$0.29,$0.29
08/03/2020,$0.29,N/A,$0.29,$0.29,$0.29
07/31/2020,$0.29,N/A,$0.29,$0.29,$0.29
07/30/2020,$0.29,N/A,$0.29,$0.29,$0.29
07/29/2020,$0.29,1000,$0.29,$0.29,$0.29
07/28/2020,$0.294,N/A,$0.294,$0.294,$0.294
07/27/2020,$0.294,N/A,$0.294,$0.294,$0.294
07/24/2020,$0.294,N/A,$0.294,$0.294,$0.294
07/23/2020,$0.294,N/A,$0.294,$0.294,$0.294
07/22/2020,$0.294,N/A,$0.294,$0.294,$0.294
07/21/2020,$0.294,N/A,$0.294,$0.294,$0.294
07/20/2020,$0.294,N/A,$0.294,$0.294,$0.294
07/17/2020,$0.294,N/A,$0.294,$0.294,$0.294
07/16/2020,$0.294,N/A,$0.294,$0.294,$0.294
07/15/2020,$0.294,N/A,$0.294,$0.294,$0.294
07/14/2020,$0.294,N/A,$0.294,$0.294,$0.294
07/13/2020,$0.294,N/A,$0.294,$0.294,$0.294
07/10/2020,$0.294,N/A,$0.294,$0.294,$0.294
07/09/2020,$0.294,N/A,$0.294,$0.294,$0.294
07/08/2020,$0.294,N/A,$0.294,$0.294,$0.294
07/07/2020,$0.294,N/A,$0.294,$0.294,$0.294
07/06/2020,$0.294,N/A,$0.294,$0.294,$0.294
07/02/2020,$0.294,N/A,$0.294,$0.294,$0.294
07/01/2020,$0.294,N/A,$0.294,$0.294,$0.294
06/30/2020,$0.294,N/A,$0.294,$0.294,$0.294
06/29/2020,$0.294,N/A,$0.294,$0.294,$0.294
06/26/2020,$0.294,N/A,$0.294,$0.294,$0.294
06/25/2020,$0.294,N/A,$0.294,$0.294,$0.294
06/24/2020,$0.294,N/A,$0.294,$0.294,$0.294
06/23/2020,$0.294,N/A,$0.294,$0.294,$0.294
06/22/2020,$0.294,N/A,$0.294,$0.294,$0.294
06/19/2020,$0.294,N/A,$0.294,$0.294,$0.294
06/18/2020,$0.294,N/A,$0.294,$0.294,$0.294
06/17/2020,$0.294,N/A,$0.294,$0.294,$0.294
06/16/2020,$0.294,N/A,$0.294,$0.294,$0.294
06/15/2020,$0.294,N/A,$0.294,$0.294,$0.294
06/12/2020,$0.294,N/A,$0.294,$0.294,$0.294
06/11/2020,$0.294,N/A,$0.294,$0.294,$0.294
06/10/2020,$0.294,N/A,$0.294,$0.294,$0.294
06/09/2020,$0.294,N/A,$0.294,$0.294,$0.294
06/08/2020,$0.294,9823,$0.34,$0.34,$0.294
06/05/2020,$0.30,N/A,$0.30,$0.30,$0.30
06/04/2020,$0.30,N/A,$0.30,$0.30,$0.30
06/03/2020,$0.30,N/A,$0.30,$0.30,$0.30
06/02/2020,$0.30,N/A,$0.30,$0.30,$0.30
06/01/2020,$0.30,N/A,$0.30,$0.30,$0.30
05/29/2020,$0.30,N/A,$0.30,$0.30,$0.30
05/28/2020,$0.30,N/A,$0.30,$0.30,$0.30
05/27/2020,$0.30,N/A,$0.30,$0.30,$0.30
05/26/2020,$0.30,N/A,$0.30,$0.30,$0.30
05/22/2020,$0.30,N/A,$0.30,$0.30,$0.30
05/21/2020,$0.30,N/A,$0.30,$0.30,$0.30
05/20/2020,$0.30,N/A,$0.30,$0.30,$0.30
05/19/2020,$0.30,N/A,$0.30,$0.30,$0.30
05/18/2020,$0.30,N/A,$0.30,$0.30,$0.30
05/15/2020,$0.30,N/A,$0.30,$0.30,$0.30
05/14/2020,$0.30,N/A,$0.30,$0.30,$0.30
05/13/2020,$0.30,N/A,$0.30,$0.30,$0.30
05/12/2020,$0.30,N/A,$0.30,$0.30,$0.30
05/11/2020,$0.30,N/A,$0.30,$0.30,$0.30
05/08/2020,$0.30,N/A,$0.30,$0.30,$0.30
05/07/2020,$0.30,N/A,$0.30,$0.30,$0.30
05/06/2020,$0.30,N/A,$0.30,$0.30,$0.30
05/05/2020,$0.30,N/A,$0.30,$0.30,$0.30
05/04/2020,$0.30,500,$0.30,$0.30,$0.30
05/01/2020,$0.35,N/A,$0.35,$0.35,$0.35
04/30/2020,$0.35,1035,$0.35,$0.35,$0.35
04/29/2020,$0.36,N/A,$0.36,$0.36,$0.36
04/28/2020,$0.36,N/A,$0.36,$0.36,$0.36
04/27/2020,$0.36,9500,$0.36,$0.36,$0.36
04/24/2020,$0.29,N/A,$0.29,$0.29,$0.29
04/23/2020,$0.29,15000,$0.29,$0.29,$0.29
04/22/2020,$0.17,N/A,$0.17,$0.17,$0.17
04/21/2020,$0.17,N/A,$0.17,$0.17,$0.17
04/20/2020,$0.17,N/A,$0.17,$0.17,$0.17
04/17/2020,$0.17,N/A,$0.17,$0.17,$0.17
04/16/2020,$0.17,N/A,$0.17,$0.17,$0.17
04/15/2020,$0.17,N/A,$0.17,$0.17,$0.17
04/14/2020,$0.17,N/A,$0.17,$0.17,$0.17
04/13/2020,$0.17,N/A,$0.17,$0.17,$0.17
04/09/2020,$0.17,N/A,$0.17,$0.17,$0.17
04/08/2020,$0.17,N/A,$0.17,$0.17,$0.17
04/07/2020,$0.17,N/A,$0.17,$0.17,$0.17
04/06/2020,$0.17,N/A,$0.17,$0.17,$0.17
04/03/2020,$0.17,N/A,$0.17,$0.17,$0.17
04/02/2020,$0.17,N/A,$0.17,$0.17,$0.17
04/01/2020,$0.17,2061,$0.17,$0.17,$0.17
03/31/2020,$0.23,N/A,$0.23,$0.23,$0.23
03/30/2020,$0.23,N/A,$0.23,$0.23,$0.23
03/27/2020,$0.23,N/A,$0.23,$0.23,$0.23
03/26/2020,$0.23,N/A,$0.23,$0.23,$0.23
03/25/2020,$0.23,N/A,$0.23,$0.23,$0.23
03/24/2020,$0.23,N/A,$0.23,$0.23,$0.23
03/23/2020,$0.23,N/A,$0.23,$0.23,$0.23
03/20/2020,$0.23,N/A,$0.23,$0.23,$0.23
03/19/2020,$0.23,N/A,$0.23,$0.23,$0.23
03/18/2020,$0.23,N/A,$0.23,$0.23,$0.23
03/17/2020,$0.23,100,$0.23,$0.23,$0.23
03/16/2020,$0.30,N/A,$0.30,$0.30,$0.30
03/13/2020,$0.30,N/A,$0.30,$0.30,$0.30
03/12/2020,$0.30,N/A,$0.30,$0.30,$0.30
03/11/2020,$0.30,N/A,$0.30,$0.30,$0.30
03/10/2020,$0.30,N/A,$0.30,$0.30,$0.30
03/09/2020,$0.30,N/A,$0.30,$0.30,$0.30
03/06/2020,$0.30,N/A,$0.30,$0.30,$0.30
03/05/2020,$0.30,1000,$0.30,$0.30,$0.30
03/04/2020,$0.289,N/A,$0.289,$0.289,$0.289
03/03/2020,$0.289,N/A,$0.289,$0.289,$0.289
03/02/2020,$0.289,N/A,$0.289,$0.289,$0.289
02/28/2020,$0.289,1700,$0.289,$0.289,$0.289
02/27/2020,$0.325,2800,$0.325,$0.325,$0.325
02/26/2020,$0.354,N/A,$0.354,$0.354,$0.354
02/25/2020,$0.354,N/A,$0.354,$0.354,$0.354
02/24/2020,$0.354,N/A,$0.354,$0.354,$0.354
02/21/2020,$0.354,N/A,$0.354,$0.354,$0.354
02/20/2020,$0.354,N/A,$0.354,$0.354,$0.354
02/19/2020,$0.354,215,$0.354,$0.354,$0.354
02/18/2020,$0.377,N/A,$0.377,$0.377,$0.377
02/14/2020,$0.377,15900,$0.40,$0.40,$0.377
02/13/2020,$0.42,N/A,$0.42,$0.42,$0.42
02/12/2020,$0.42,N/A,$0.42,$0.42,$0.42
02/11/2020,$0.42,8100,$0.42,$0.42,$0.42
02/10/2020,$0.51,N/A,$0.51,$0.51,$0.51
02/07/2020,$0.51,N/A,$0.51,$0.51,$0.51
02/06/2020,$0.51,N/A,$0.51,$0.51,$0.51
02/05/2020,$0.51,N/A,$0.51,$0.51,$0.51
02/04/2020,$0.51,N/A,$0.51,$0.51,$0.51
02/03/2020,$0.51,N/A,$0.51,$0.51,$0.51
01/31/2020,$0.51,N/A,$0.51,$0.51,$0.51
01/30/2020,$0.51,N/A,$0.51,$0.51,$0.51
01/29/2020,$0.51,710,$0.51,$0.51,$0.51
01/28/2020,$0.50,N/A,$0.50,$0.50,$0.50
01/27/2020,$0.50,10000,$0.50,$0.50,$0.50
01/24/2020,$0.55,N/A,$0.55,$0.55,$0.55
01/23/2020,$0.55,N/A,$0.55,$0.55,$0.55
01/22/2020,$0.55,1000,$0.55,$0.55,$0.55
01/21/2020,$0.625,N/A,$0.625,$0.625,$0.625
01/17/2020,$0.625,N/A,$0.625,$0.625,$0.625
01/16/2020,$0.625,N/A,$0.625,$0.625,$0.625
01/15/2020,$0.625,N/A,$0.625,$0.625,$0.625
01/14/2020,$0.625,N/A,$0.625,$0.625,$0.625
01/13/2020,$0.625,N/A,$0.625,$0.625,$0.625
01/10/2020,$0.625,N/A,$0.625,$0.625,$0.625
01/09/2020,$0.625,N/A,$0.625,$0.625,$0.625
01/08/2020,$0.625,N/A,$0.625,$0.625,$0.625
01/07/2020,$0.625,N/A,$0.625,$0.625,$0.625
01/06/2020,$0.625,N/A,$0.625,$0.625,$0.625
01/03/2020,$0.625,N/A,$0.625,$0.625,$0.625
01/02/2020,$0.625,1000,$0.625,$0.625,$0.625
12/31/2019,$0.65,1000,$0.65,$0.65,$0.65
12/30/2019,$0.60,610,$0.60,$0.60,$0.60
12/27/2019,$0.60,N/A,$0.60,$0.60,$0.60
12/26/2019,$0.60,N/A,$0.60,$0.60,$0.60
12/24/2019,$0.60,N/A,$0.60,$0.60,$0.60
12/23/2019,$0.60,10000,$0.60,$0.60,$0.60
12/20/2019,$0.79,N/A,$0.79,$0.79,$0.79
12/19/2019,$0.79,N/A,$0.79,$0.79,$0.79
12/18/2019,$0.79,N/A,$0.79,$0.79,$0.79
12/17/2019,$0.79,N/A,$0.79,$0.79,$0.79
12/16/2019,$0.79,N/A,$0.79,$0.79,$0.79
12/13/2019,$0.79,N/A,$0.79,$0.79,$0.79
12/12/2019,$0.79,N/A,$0.79,$0.79,$0.79
12/11/2019,$0.79,10000,$0.79,$0.79,$0.79
12/10/2019,$0.85,N/A,$0.85,$0.85,$0.85
12/09/2019,$0.85,N/A,$0.85,$0.85,$0.85
12/06/2019,$0.85,N/A,$0.85,$0.85,$0.85
12/05/2019,$0.85,N/A,$0.85,$0.85,$0.85
12/04/2019,$0.85,10000,$0.85,$0.85,$0.85
12/03/2019,$0.89,N/A,$0.89,$0.89,$0.89
12/02/2019,$0.89,N/A,$0.89,$0.89,$0.89
11/29/2019,$0.89,N/A,$0.89,$0.89,$0.89
11/27/2019,$0.89,N/A,$0.89,$0.89,$0.89
11/26/2019,$0.89,N/A,$0.89,$0.89,$0.89
11/25/2019,$0.89,N/A,$0.89,$0.89,$0.89
11/22/2019,$0.89,N/A,$0.89,$0.89,$0.89
11/21/2019,$0.89,N/A,$0.89,$0.89,$0.89
11/20/2019,$0.89,N/A,$0.89,$0.89,$0.89
11/19/2019,$0.89,300,$0.89,$0.89,$0.89
11/18/2019,$0.89,N/A,$0.89,$0.89,$0.89
11/15/2019,$0.89,N/A,$0.89,$0.89,$0.89
11/14/2019,$0.89,N/A,$0.89,$0.89,$0.89
11/13/2019,$0.89,N/A,$0.89,$0.89,$0.89
11/12/2019,$0.89,N/A,$0.89,$0.89,$0.89
11/11/2019,$0.89,1000,$0.89,$0.89,$0.89
11/08/2019,$0.885,N/A,$0.885,$0.885,$0.885
11/07/2019,$0.885,N/A,$0.885,$0.885,$0.885
11/06/2019,$0.885,635,$0.885,$0.885,$0.885
11/05/2019,$0.78,N/A,$0.78,$0.78,$0.78
11/04/2019,$0.78,N/A,$0.78,$0.78,$0.78
11/01/2019,$0.78,N/A,$0.78,$0.78,$0.78
10/31/2019,$0.78,N/A,$0.78,$0.78,$0.78
10/30/2019,$0.78,N/A,$0.78,$0.78,$0.78
10/29/2019,$0.78,N/A,$0.78,$0.78,$0.78
10/28/2019,$0.78,N/A,$0.78,$0.78,$0.78
10/25/2019,$0.78,N/A,$0.78,$0.78,$0.78
10/24/2019,$0.78,N/A,$0.78,$0.78,$0.78
10/23/2019,$0.78,N/A,$0.78,$0.78,$0.78
10/22/2019,$0.78,N/A,$0.78,$0.78,$0.78
10/21/2019,$0.78,N/A,$0.78,$0.78,$0.78
10/18/2019,$0.78,N/A,$0.78,$0.78,$0.78
10/17/2019,$0.78,N/A,$0.78,$0.78,$0.78
10/16/2019,$0.78,N/A,$0.78,$0.78,$0.78
10/15/2019,$0.78,N/A,$0.78,$0.78,$0.78
10/14/2019,$0.78,N/A,$0.78,$0.78,$0.78
10/11/2019,$0.78,N/A,$0.78,$0.78,$0.78
10/10/2019,$0.78,N/A,$0.78,$0.78,$0.78
10/09/2019,$0.78,N/A,$0.78,$0.78,$0.78
10/08/2019,$0.78,N/A,$0.78,$0.78,$0.78
10/07/2019,$0.78,N/A,$0.78,$0.78,$0.78
10/04/2019,$0.78,N/A,$0.78,$0.78,$0.78
10/03/2019,$0.78,N/A,$0.78,$0.78,$0.78
10/02/2019,$0.78,N/A,$0.78,$0.78,$0.78
10/01/2019,$0.78,N/A,$0.78,$0.78,$0.78
09/30/2019,$0.78,N/A,$0.78,$0.78,$0.78
09/27/2019,$0.78,N/A,$0.78,$0.78,$0.78
09/26/2019,$0.78,N/A,$0.78,$0.78,$0.78
09/25/2019,$0.78,N/A,$0.78,$0.78,$0.78
09/24/2019,$0.78,N/A,$0.78,$0.78,$0.78
09/23/2019,$0.78,1000,$0.78,$0.78,$0.78
09/20/2019,$0.95,N/A,$0.95,$0.95,$0.95
09/19/2019,$0.95,N/A,$0.95,$0.95,$0.95
09/18/2019,$0.95,N/A,$0.95,$0.95,$0.95
09/17/2019,$0.95,N/A,$0.95,$0.95,$0.95
09/16/2019,$0.95,N/A,$0.95,$0.95,$0.95
09/13/2019,$0.95,N/A,$0.95,$0.95,$0.95
09/12/2019,$0.95,N/A,$0.95,$0.95,$0.95
09/11/2019,$0.95,N/A,$0.95,$0.95,$0.95
09/10/2019,$0.95,N/A,$0.95,$0.95,$0.95
09/09/2019,$0.95,N/A,$0.95,$0.95,$0.95
09/06/2019,$0.95,N/A,$0.95,$0.95,$0.95
09/05/2019,$0.95,N/A,$0.95,$0.95,$0.95
09/04/2019,$0.95,N/A,$0.95,$0.95,$0.95
09/03/2019,$0.95,N/A,$0.95,$0.95,$0.95
08/30/2019,$0.95,N/A,$0.95,$0.95,$0.95
08/29/2019,$0.95,N/A,$0.95,$0.95,$0.95
08/28/2019,$0.95,N/A,$0.95,$0.95,$0.95
08/27/2019,$0.95,N/A,$0.95,$0.95,$0.95
08/26/2019,$0.95,1020,$0.95,$0.95,$0.95
08/23/2019,$0.975,N/A,$0.975,$0.975,$0.975
08/22/2019,$0.975,N/A,$0.975,$0.975,$0.975
08/21/2019,$0.975,N/A,$0.975,$0.975,$0.975
08/20/2019,$0.975,N/A,$0.975,$0.975,$0.975
08/19/2019,$0.975,N/A,$0.975,$0.975,$0.975
08/16/2019,$0.975,N/A,$0.975,$0.975,$0.975
08/15/2019,$0.975,N/A,$0.975,$0.975,$0.975
08/14/2019,$0.975,N/A,$0.975,$0.975,$0.975
08/13/2019,$0.975,N/A,$0.975,$0.975,$0.975
08/12/2019,$0.975,N/A,$0.975,$0.975,$0.975
08/09/2019,$0.975,N/A,$0.975,$0.975,$0.975
08/08/2019,$0.975,8450,$0.975,$0.975,$0.975
08/07/2019,$0.99,N/A,$0.99,$0.99,$0.99
08/06/2019,$0.99,500,$0.99,$0.99,$0.99
08/05/2019,$0.6271,N/A,$0.6271,$0.6271,$0.6271
08/02/2019,$0.6271,N/A,$0.6271,$0.6271,$0.6271
08/01/2019,$0.6271,N/A,$0.6271,$0.6271,$0.6271
07/31/2019,$0.6271,N/A,$0.6271,$0.6271,$0.6271
07/30/2019,$0.6271,N/A,$0.6271,$0.6271,$0.6271
07/29/2019,$0.6271,N/A,$0.6271,$0.6271,$0.6271
07/26/2019,$0.6271,N/A,$0.6271,$0.6271,$0.6271
07/25/2019,$0.6271,N/A,$0.6271,$0.6271,$0.6271
07/24/2019,$0.6271,N/A,$0.6271,$0.6271,$0.6271
07/23/2019,$0.6271,N/A,$0.6271,$0.6271,$0.6271
07/22/2019,$0.6271,N/A,$0.6271,$0.6271,$0.6271
07/19/2019,$0.6271,N/A,$0.6271,$0.6271,$0.6271
07/18/2019,$0.6271,N/A,$0.6271,$0.6271,$0.6271
07/17/2019,$0.6271,N/A,$0.6271,$0.6271,$0.6271
07/16/2019,$0.6271,N/A,$0.6271,$0.6271,$0.6271
07/15/2019,$0.6271,N/A,$0.6271,$0.6271,$0.6271
07/12/2019,$0.6271,N/A,$0.6271,$0.6271,$0.6271
07/11/2019,$0.6271,N/A,$0.6271,$0.6271,$0.6271
07/10/2019,$0.6271,N/A,$0.6271,$0.6271,$0.6271
07/09/2019,$0.6271,N/A,$0.6271,$0.6271,$0.6271
07/08/2019,$0.6271,N/A,$0.6271,$0.6271,$0.6271
07/05/2019,$0.6271,N/A,$0.6271,$0.6271,$0.6271
07/03/2019,$0.6271,N/A,$0.6271,$0.6271,$0.6271
07/02/2019,$0.6271,N/A,$0.6271,$0.6271,$0.6271
07/01/2019,$0.6271,N/A,$0.6271,$0.6271,$0.6271
06/28/2019,$0.6271,N/A,$0.6271,$0.6271,$0.6271
06/27/2019,$0.6271,N/A,$0.6271,$0.6271,$0.6271
06/26/2019,$0.6271,N/A,$0.6271,$0.6271,$0.6271
06/25/2019,$0.6271,N/A,$0.6271,$0.6271,$0.6271
06/24/2019,$0.6271,N/A,$0.6271,$0.6271,$0.6271
06/21/2019,$0.6271,N/A,$0.6271,$0.6271,$0.6271
06/20/2019,$0.6271,N/A,$0.6271,$0.6271,$0.6271
06/19/2019,$0.6271,N/A,$0.6271,$0.6271,$0.6271
06/18/2019,$0.6271,N/A,$0.6271,$0.6271,$0.6271
06/17/2019,$0.6271,N/A,$0.6271,$0.6271,$0.6271
06/14/2019,$0.6271,N/A,$0.6271,$0.6271,$0.6271
06/13/2019,$0.6271,N/A,$0.6271,$0.6271,$0.6271
06/12/2019,$0.6271,N/A,$0.6271,$0.6271,$0.6271
06/11/2019,$0.6271,15400,$0.6271,$0.6271,$0.6271
06/10/2019,$0.68,N/A,$0.68,$0.68,$0.68
06/07/2019,$0.68,N/A,$0.68,$0.68,$0.68
06/06/2019,$0.68,N/A,$0.68,$0.68,$0.68
06/05/2019,$0.68,N/A,$0.68,$0.68,$0.68
06/04/2019,$0.68,N/A,$0.68,$0.68,$0.68
06/03/2019,$0.68,N/A,$0.68,$0.68,$0.68
05/31/2019,$0.68,N/A,$0.68,$0.68,$0.68
05/30/2019,$0.68,N/A,$0.68,$0.68,$0.68
05/29/2019,$0.68,N/A,$0.68,$0.68,$0.68
05/28/2019,$0.68,N/A,$0.68,$0.68,$0.68
05/24/2019,$0.68,N/A,$0.68,$0.68,$0.68
05/23/2019,$0.68,N/A,$0.68,$0.68,$0.68
05/22/2019,$0.68,N/A,$0.68,$0.68,$0.68
05/21/2019,$0.68,N/A,$0.68,$0.68,$0.68
05/20/2019,$0.68,N/A,$0.68,$0.68,$0.68
05/17/2019,$0.68,N/A,$0.68,$0.68,$0.68
05/16/2019,$0.68,N/A,$0.68,$0.68,$0.68
05/15/2019,$0.68,N/A,$0.68,$0.68,$0.68
05/14/2019,$0.68,N/A,$0.68,$0.68,$0.68
05/13/2019,$0.68,N/A,$0.68,$0.68,$0.68
05/10/2019,$0.68,N/A,$0.68,$0.68,$0.68
05/09/2019,$0.68,N/A,$0.68,$0.68,$0.68
05/08/2019,$0.68,N/A,$0.68,$0.68,$0.68
05/07/2019,$0.68,N/A,$0.68,$0.68,$0.68
05/06/2019,$0.68,N/A,$0.68,$0.68,$0.68
05/03/2019,$0.68,N/A,$0.68,$0.68,$0.68
05/02/2019,$0.68,N/A,$0.68,$0.68,$0.68
05/01/2019,$0.68,N/A,$0.68,$0.68,$0.68
04/30/2019,$0.68,N/A,$0.68,$0.68,$0.68
04/29/2019,$0.68,N/A,$0.68,$0.68,$0.68
04/26/2019,$0.68,N/A,$0.68,$0.68,$0.68
04/25/2019,$0.68,2000,$0.68,$0.68,$0.68
04/24/2019,$0.72,N/A,$0.72,$0.72,$0.72
04/23/2019,$0.72,N/A,$0.72,$0.72,$0.72
04/22/2019,$0.72,N/A,$0.72,$0.72,$0.72
04/18/2019,$0.72,N/A,$0.72,$0.72,$0.72
04/17/2019,$0.72,N/A,$0.72,$0.72,$0.72
04/16/2019,$0.72,N/A,$0.72,$0.72,$0.72
04/15/2019,$0.72,N/A,$0.72,$0.72,$0.72
04/12/2019,$0.72,N/A,$0.72,$0.72,$0.72
04/11/2019,$0.72,N/A,$0.72,$0.72,$0.72
04/10/2019,$0.72,N/A,$0.72,$0.72,$0.72
04/09/2019,$0.72,N/A,$0.72,$0.72,$0.72
04/08/2019,$0.72,N/A,$0.72,$0.72,$0.72
04/05/2019,$0.72,N/A,$0.72,$0.72,$0.72
04/04/2019,$0.72,N/A,$0.72,$0.72,$0.72
04/03/2019,$0.72,N/A,$0.72,$0.72,$0.72
04/02/2019,$0.72,N/A,$0.72,$0.72,$0.72
04/01/2019,$0.72,N/A,$0.72,$0.72,$0.72
03/29/2019,$0.72,N/A,$0.72,$0.72,$0.72
03/28/2019,$0.72,N/A,$0.72,$0.72,$0.72
03/27/2019,$0.72,N/A,$0.72,$0.72,$0.72
03/26/2019,$0.72,N/A,$0.72,$0.72,$0.72
03/25/2019,$0.72,N/A,$0.72,$0.72,$0.72
03/22/2019,$0.72,N/A,$0.72,$0.72,$0.72
03/21/2019,$0.72,24000,$0.72,$0.72,$0.72
03/20/2019,$0.75,N/A,$0.75,$0.75,$0.75
03/19/2019,$0.75,N/A,$0.75,$0.75,$0.75
03/18/2019,$0.75,N/A,$0.75,$0.75,$0.75
03/15/2019,$0.75,N/A,$0.75,$0.75,$0.75
03/14/2019,$0.75,N/A,$0.75,$0.75,$0.75
03/13/2019,$0.75,N/A,$0.75,$0.75,$0.75
03/12/2019,$0.75,N/A,$0.75,$0.75,$0.75
03/11/2019,$0.75,N/A,$0.75,$0.75,$0.75
03/08/2019,$0.75,N/A,$0.75,$0.75,$0.75
03/07/2019,$0.75,N/A,$0.75,$0.75,$0.75
03/06/2019,$0.75,N/A,$0.75,$0.75,$0.75
03/05/2019,$0.75,N/A,$0.75,$0.75,$0.75
03/04/2019,$0.75,N/A,$0.75,$0.75,$0.75
03/01/2019,$0.75,1500,$0.75,$0.75,$0.75
02/28/2019,$1.00,N/A,$1.00,$1.00,$1.00
02/27/2019,$1.00,N/A,$1.00,$1.00,$1.00
02/26/2019,$1.00,N/A,$1.00,$1.00,$1.00
02/25/2019,$1.00,N/A,$1.00,$1.00,$1.00
02/22/2019,$1.00,N/A,$1.00,$1.00,$1.00
02/21/2019,$1.00,N/A,$1.00,$1.00,$1.00
02/20/2019,$1.00,N/A,$1.00,$1.00,$1.00
02/19/2019,$1.00,N/A,$1.00,$1.00,$1.00
02/15/2019,$1.00,N/A,$1.00,$1.00,$1.00
02/14/2019,$1.00,N/A,$1.00,$1.00,$1.00
02/13/2019,$1.00,N/A,$1.00,$1.00,$1.00
02/12/2019,$1.00,N/A,$1.00,$1.00,$1.00
02/11/2019,$1.00,N/A,$1.00,$1.00,$1.00
02/08/2019,$1.00,N/A,$1.00,$1.00,$1.00
02/07/2019,$1.00,N/A,$1.00,$1.00,$1.00
02/06/2019,$1.00,N/A,$1.00,$1.00,$1.00
02/05/2019,$1.00,N/A,$1.00,$1.00,$1.00
02/04/2019,$1.00,N/A,$1.00,$1.00,$1.00
02/01/2019,$1.00,N/A,$1.00,$1.00,$1.00
01/31/2019,$1.00,N/A,$1.00,$1.00,$1.00
01/30/2019,$1.00,N/A,$1.00,$1.00,$1.00
01/29/2019,$1.00,N/A,$1.00,$1.00,$1.00
01/28/2019,$1.00,N/A,$1.00,$1.00,$1.00
01/25/2019,$1.00,N/A,$1.00,$1.00,$1.00
01/24/2019,$1.00,N/A,$1.00,$1.00,$1.00
01/23/2019,$1.00,N/A,$1.00,$1.00,$1.00
01/22/2019,$1.00,N/A,$1.00,$1.00,$1.00
01/18/2019,$1.00,N/A,$1.00,$1.00,$1.00
01/17/2019,$1.00,N/A,$1.00,$1.00,$1.00
01/16/2019,$1.00,N/A,$1.00,$1.00,$1.00
01/15/2019,$1.00,100,$1.00,$1.00,$1.00
01/14/2019,$0.96,N/A,$0.96,$0.96,$0.96
01/11/2019,$0.96,N/A,$0.96,$0.96,$0.96
01/10/2019,$0.96,24000,$0.96,$0.96,$0.96
01/09/2019,$1.25,N/A,$1.25,$1.25,$1.25
01/08/2019,$1.25,N/A,$1.25,$1.25,$1.25
01/07/2019,$1.25,N/A,$1.25,$1.25,$1.25
01/04/2019,$1.25,N/A,$1.25,$1.25,$1.25
01/03/2019,$1.25,N/A,$1.25,$1.25,$1.25
01/02/2019,$1.25,N/A,$1.25,$1.25,$1.25
12/31/2018,$1.25,N/A,$1.25,$1.25,$1.25
12/28/2018,$1.25,N/A,$1.25,$1.25,$1.25
12/27/2018,$1.25,N/A,$1.25,$1.25,$1.25
12/26/2018,$1.25,N/A,$1.25,$1.25,$1.25
12/24/2018,$1.25,N/A,$1.25,$1.25,$1.25
12/21/2018,$1.25,N/A,$1.25,$1.25,$1.25
12/20/2018,$1.25,N/A,$1.25,$1.25,$1.25
12/19/2018,$1.25,N/A,$1.25,$1.25,$1.25
12/18/2018,$1.25,N/A,$1.25,$1.25,$1.25
12/17/2018,$1.25,N/A,$1.25,$1.25,$1.25
12/14/2018,$1.25,N/A,$1.25,$1.25,$1.25
12/13/2018,$1.25,N/A,$1.25,$1.25,$1.25
12/12/2018,$1.25,N/A,$1.25,$1.25,$1.25
12/11/2018,$1.25,N/A,$1.25,$1.25,$1.25
12/10/2018,$1.25,N/A,$1.25,$1.25,$1.25
12/07/2018,$1.25,N/A,$1.25,$1.25,$1.25
12/06/2018,$1.25,N/A,$1.25,$1.25,$1.25
12/04/2018,$1.25,N/A,$1.25,$1.25,$1.25
12/03/2018,$1.25,N/A,$1.25,$1.25,$1.25
11/30/2018,$1.25,N/A,$1.25,$1.25,$1.25
11/29/2018,$1.25,N/A,$1.25,$1.25,$1.25
11/28/2018,$1.25,N/A,$1.25,$1.25,$1.25
11/27/2018,$1.25,N/A,$1.25,$1.25,$1.25
11/26/2018,$1.25,N/A,$1.25,$1.25,$1.25
11/23/2018,$1.25,N/A,$1.25,$1.25,$1.25
11/21/2018,$1.25,N/A,$1.25,$1.25,$1.25
11/20/2018,$1.25,N/A,$1.25,$1.25,$1.25
11/19/2018,$1.25,100,$1.25,$1.25,$1.25
11/16/2018,$1.16,N/A,$1.16,$1.16,$1.16
11/15/2018,$1.16,N/A,$1.16,$1.16,$1.16
11/14/2018,$1.16,N/A,$1.16,$1.16,$1.16
11/13/2018,$1.16,N/A,$1.16,$1.16,$1.16
11/12/2018,$1.16,N/A,$1.16,$1.16,$1.16
11/09/2018,$1.16,N/A,$1.16,$1.16,$1.16
11/08/2018,$1.16,N/A,$1.16,$1.16,$1.16
11/07/2018,$1.16,N/A,$1.16,$1.16,$1.16
11/06/2018,$1.16,N/A,$1.16,$1.16,$1.16
11/05/2018,$1.16,N/A,$1.16,$1.16,$1.16
11/02/2018,$1.16,150,$1.16,$1.16,$1.16
11/01/2018,$1.15,N/A,$1.15,$1.15,$1.15
10/31/2018,$1.15,150,$1.15,$1.15,$1.15
10/30/2018,$1.18,N/A,$1.18,$1.18,$1.18
10/29/2018,$1.18,N/A,$1.18,$1.18,$1.18
10/26/2018,$1.18,N/A,$1.18,$1.18,$1.18
10/25/2018,$1.18,N/A,$1.18,$1.18,$1.18
10/24/2018,$1.18,N/A,$1.18,$1.18,$1.18
10/23/2018,$1.18,N/A,$1.18,$1.18,$1.18
10/22/2018,$1.18,N/A,$1.18,$1.18,$1.18
10/19/2018,$1.18,N/A,$1.18,$1.18,$1.18
10/18/2018,$1.18,N/A,$1.18,$1.18,$1.18
10/17/2018,$1.18,150,$1.18,$1.18,$1.18
10/16/2018,$1.14,N/A,$1.14,$1.14,$1.14
10/15/2018,$1.14,N/A,$1.14,$1.14,$1.14
10/12/2018,$1.14,N/A,$1.14,$1.14,$1.14
10/11/2018,$1.14,N/A,$1.14,$1.14,$1.14
10/10/2018,$1.14,N/A,$1.14,$1.14,$1.14
10/09/2018,$1.14,N/A,$1.14,$1.14,$1.14
10/08/2018,$1.14,N/A,$1.14,$1.14,$1.14
10/05/2018,$1.14,N/A,$1.14,$1.14,$1.14
10/04/2018,$1.14,2600,$1.19,$1.19,$1.14
10/03/2018,$1.38,N/A,$1.38,$1.38,$1.38
10/02/2018,$1.38,N/A,$1.38,$1.38,$1.38
10/01/2018,$1.38,N/A,$1.38,$1.38,$1.38
09/28/2018,$1.38,N/A,$1.38,$1.38,$1.38
09/27/2018,$1.38,N/A,$1.38,$1.38,$1.38
09/26/2018,$1.38,N/A,$1.38,$1.38,$1.38
09/25/2018,$1.38,N/A,$1.38,$1.38,$1.38
09/24/2018,$1.38,N/A,$1.38,$1.38,$1.38
09/21/2018,$1.38,N/A,$1.38,$1.38,$1.38
09/20/2018,$1.38,N/A,$1.38,$1.38,$1.38
09/19/2018,$1.38,N/A,$1.38,$1.38,$1.38
09/18/2018,$1.38,N/A,$1.38,$1.38,$1.38
09/17/2018,$1.38,N/A,$1.38,$1.38,$1.38
09/14/2018,$1.38,N/A,$1.38,$1.38,$1.38
09/13/2018,$1.38,N/A,$1.38,$1.38,$1.38
09/12/2018,$1.38,N/A,$1.38,$1.38,$1.38
09/11/2018,$1.38,N/A,$1.38,$1.38,$1.38
09/10/2018,$1.38,N/A,$1.38,$1.38,$1.38
09/07/2018,$1.38,110,$1.38,$1.38,$1.38
09/06/2018,$1.40,N/A,$1.40,$1.40,$1.40
09/05/2018,$1.40,N/A,$1.40,$1.40,$1.40
09/04/2018,$1.40,N/A,$1.40,$1.40,$1.40
08/31/2018,$1.40,N/A,$1.40,$1.40,$1.40
08/30/2018,$1.40,N/A,$1.40,$1.40,$1.40
08/29/2018,$1.40,310,$1.40,$1.40,$1.40
08/28/2018,$1.50,N/A,$1.50,$1.50,$1.50
08/27/2018,$1.50,N/A,$1.50,$1.50,$1.50
08/24/2018,$1.50,N/A,$1.50,$1.50,$1.50
08/23/2018,$1.50,N/A,$1.50,$1.50,$1.50
08/22/2018,$1.50,N/A,$1.50,$1.50,$1.50
08/21/2018,$1.50,N/A,$1.50,$1.50,$1.50
08/20/2018,$1.50,N/A,$1.50,$1.50,$1.50
08/17/2018,$1.50,N/A,$1.50,$1.50,$1.50
08/16/2018,$1.50,N/A,$1.50,$1.50,$1.50
08/15/2018,$1.50,N/A,$1.50,$1.50,$1.50
08/14/2018,$1.50,N/A,$1.50,$1.50,$1.50
08/13/2018,$1.50,N/A,$1.50,$1.50,$1.50
08/10/2018,$1.50,N/A,$1.50,$1.50,$1.50
08/09/2018,$1.50,N/A,$1.50,$1.50,$1.50
08/08/2018,$1.50,N/A,$1.50,$1.50,$1.50
08/07/2018,$1.50,N/A,$1.50,$1.50,$1.50
08/06/2018,$1.50,N/A,$1.50,$1.50,$1.50
08/03/2018,$1.50,N/A,$1.50,$1.50,$1.50
08/02/2018,$1.50,N/A,$1.50,$1.50,$1.50
08/01/2018,$1.50,N/A,$1.50,$1.50,$1.50
07/31/2018,$1.50,3000,$1.50,$1.50,$1.50
07/30/2018,$1.4127,N/A,$1.4127,$1.4127,$1.4127
07/27/2018,$1.4127,N/A,$1.4127,$1.4127,$1.4127
07/26/2018,$1.4127,N/A,$1.4127,$1.4127,$1.4127
07/25/2018,$1.4127,N/A,$1.4127,$1.4127,$1.4127
07/24/2018,$1.4127,N/A,$1.4127,$1.4127,$1.4127
07/23/2018,$1.4127,N/A,$1.4127,$1.4127,$1.4127
07/20/2018,$1.4127,N/A,$1.4127,$1.4127,$1.4127
07/19/2018,$1.4127,N/A,$1.4127,$1.4127,$1.4127
07/18/2018,$1.4127,N/A,$1.4127,$1.4127,$1.4127
07/17/2018,$1.4127,N/A,$1.4127,$1.4127,$1.4127
07/16/2018,$1.4127,N/A,$1.4127,$1.4127,$1.4127
07/13/2018,$1.4127,N/A,$1.4127,$1.4127,$1.4127
07/12/2018,$1.4127,N/A,$1.4127,$1.4127,$1.4127
07/11/2018,$1.4127,N/A,$1.4127,$1.4127,$1.4127
07/10/2018,$1.4127,N/A,$1.4127,$1.4127,$1.4127
07/09/2018,$1.4127,N/A,$1.4127,$1.4127,$1.4127
07/06/2018,$1.4127,N/A,$1.4127,$1.4127,$1.4127
07/05/2018,$1.4127,N/A,$1.4127,$1.4127,$1.4127
07/03/2018,$1.4127,N/A,$1.4127,$1.4127,$1.4127
07/02/2018,$1.4127,N/A,$1.4127,$1.4127,$1.4127
06/29/2018,$1.4127,N/A,$1.4127,$1.4127,$1.4127
06/28/2018,$1.4127,43027,$1.4127,$1.4127,$1.4127
06/27/2018,$1.70,N/A,$1.70,$1.70,$1.70
06/26/2018,$1.70,N/A,$1.70,$1.70,$1.70
06/25/2018,$1.70,N/A,$1.70,$1.70,$1.70
06/22/2018,$1.70,N/A,$1.70,$1.70,$1.70
06/21/2018,$1.70,N/A,$1.70,$1.70,$1.70
06/20/2018,$1.70,N/A,$1.70,$1.70,$1.70
06/19/2018,$1.70,N/A,$1.70,$1.70,$1.70
06/18/2018,$1.70,N/A,$1.70,$1.70,$1.70
06/15/2018,$1.70,N/A,$1.70,$1.70,$1.70
06/14/2018,$1.70,N/A,$1.70,$1.70,$1.70
06/13/2018,$1.70,N/A,$1.70,$1.70,$1.70
06/12/2018,$1.70,N/A,$1.70,$1.70,$1.70
06/11/2018,$1.70,215,$1.70,$1.70,$1.70
06/08/2018,$2.15,N/A,$2.15,$2.15,$2.15
06/07/2018,$2.15,N/A,$2.15,$2.15,$2.15
06/06/2018,$2.15,N/A,$2.15,$2.15,$2.15
06/05/2018,$2.15,N/A,$2.15,$2.15,$2.15
06/04/2018,$2.15,N/A,$2.15,$2.15,$2.15
06/01/2018,$2.15,N/A,$2.15,$2.15,$2.15
05/31/2018,$2.15,N/A,$2.15,$2.15,$2.15
05/30/2018,$2.15,N/A,$2.15,$2.15,$2.15
05/29/2018,$2.15,N/A,$2.15,$2.15,$2.15
05/25/2018,$2.15,N/A,$2.15,$2.15,$2.15
05/24/2018,$2.15,N/A,$2.15,$2.15,$2.15
05/23/2018,$2.15,N/A,$2.15,$2.15,$2.15
05/22/2018,$2.15,N/A,$2.15,$2.15,$2.15
05/21/2018,$2.15,N/A,$2.15,$2.15,$2.15
05/18/2018,$2.15,N/A,$2.15,$2.15,$2.15
05/17/2018,$2.15,N/A,$2.15,$2.15,$2.15
05/16/2018,$2.15,N/A,$2.15,$2.15,$2.15
05/15/2018,$2.15,N/A,$2.15,$2.15,$2.15
05/14/2018,$2.15,N/A,$2.15,$2.15,$2.15
05/11/2018,$2.15,N/A,$2.15,$2.15,$2.15
05/10/2018,$2.15,N/A,$2.15,$2.15,$2.15
05/09/2018,$2.15,N/A,$2.15,$2.15,$2.15
05/08/2018,$2.15,N/A,$2.15,$2.15,$2.15
05/07/2018,$2.15,N/A,$2.15,$2.15,$2.15
05/04/2018,$2.15,N/A,$2.15,$2.15,$2.15
05/03/2018,$2.15,N/A,$2.15,$2.15,$2.15
05/02/2018,$2.15,N/A,$2.15,$2.15,$2.15
05/01/2018,$2.15,N/A,$2.15,$2.15,$2.15
04/30/2018,$2.15,N/A,$2.15,$2.15,$2.15
04/27/2018,$2.15,N/A,$2.15,$2.15,$2.15
04/26/2018,$2.15,N/A,$2.15,$2.15,$2.15
04/25/2018,$2.15,N/A,$2.15,$2.15,$2.15
04/24/2018,$2.15,N/A,$2.15,$2.15,$2.15
04/23/2018,$2.15,N/A,$2.15,$2.15,$2.15
04/20/2018,$2.15,N/A,$2.15,$2.15,$2.15
04/19/2018,$2.15,N/A,$2.15,$2.15,$2.15
04/18/2018,$2.15,N/A,$2.15,$2.15,$2.15
04/17/2018,$2.15,384,$2.15,$2.15,$2.15
04/16/2018,$2.40,N/A,$2.40,$2.40,$2.40
04/13/2018,$2.40,N/A,$2.40,$2.40,$2.40
04/12/2018,$2.40,N/A,$2.40,$2.40,$2.40
04/11/2018,$2.40,N/A,$2.40,$2.40,$2.40
04/10/2018,$2.40,384,$2.40,$2.40,$2.40
04/09/2018,$2.60,N/A,$2.60,$2.60,$2.60
04/06/2018,$2.60,N/A,$2.60,$2.60,$2.60
04/05/2018,$2.60,N/A,$2.60,$2.60,$2.60
04/04/2018,$2.60,N/A,$2.60,$2.60,$2.60
04/03/2018,$2.60,N/A,$2.60,$2.60,$2.60
04/02/2018,$2.60,N/A,$2.60,$2.60,$2.60
03/29/2018,$2.60,N/A,$2.60,$2.60,$2.60
03/28/2018,$2.60,N/A,$2.60,$2.60,$2.60
03/27/2018,$2.60,N/A,$2.60,$2.60,$2.60
03/26/2018,$2.60,N/A,$2.60,$2.60,$2.60
03/23/2018,$2.60,N/A,$2.60,$2.60,$2.60
03/22/2018,$2.60,N/A,$2.60,$2.60,$2.60
03/21/2018,$2.60,N/A,$2.60,$2.60,$2.60
03/20/2018,$2.60,N/A,$2.60,$2.60,$2.60
03/19/2018,$2.60,N/A,$2.60,$2.60,$2.60
03/16/2018,$2.60,N/A,$2.60,$2.60,$2.60
03/15/2018,$2.60,N/A,$2.60,$2.60,$2.60
03/14/2018,$2.60,N/A,$2.60,$2.60,$2.60
03/13/2018,$2.60,9000,$2.60,$2.60,$2.60
03/12/2018,$2.55,N/A,$2.55,$2.55,$2.55
03/09/2018,$2.55,N/A,$2.55,$2.55,$2.55
03/08/2018,$2.55,N/A,$2.55,$2.55,$2.55
03/07/2018,$2.55,N/A,$2.55,$2.55,$2.55
03/06/2018,$2.55,N/A,$2.55,$2.55,$2.55
03/05/2018,$2.55,N/A,$2.55,$2.55,$2.55
03/02/2018,$2.55,N/A,$2.55,$2.55,$2.55
03/01/2018,$2.55,N/A,$2.55,$2.55,$2.55
02/28/2018,$2.55,N/A,$2.55,$2.55,$2.55
02/27/2018,$2.55,N/A,$2.55,$2.55,$2.55
02/26/2018,$2.55,N/A,$2.55,$2.55,$2.55
02/23/2018,$2.55,N/A,$2.55,$2.55,$2.55
02/22/2018,$2.55,N/A,$2.55,$2.55,$2.55
02/21/2018,$2.55,N/A,$2.55,$2.55,$2.55
02/20/2018,$2.55,N/A,$2.55,$2.55,$2.55
02/16/2018,$2.55,N/A,$2.55,$2.55,$2.55
02/15/2018,$2.55,N/A,$2.55,$2.55,$2.55
02/14/2018,$2.55,N/A,$2.55,$2.55,$2.55
02/13/2018,$2.55,N/A,$2.55,$2.55,$2.55
02/12/2018,$2.55,802,$2.4658,$2.55,$2.4658
02/09/2018,$2.63,N/A,$2.63,$2.63,$2.63
02/08/2018,$2.63,100,$2.63,$2.63,$2.63
02/07/2018,$2.77,N/A,$2.77,$2.77,$2.77
02/06/2018,$2.77,N/A,$2.77,$2.77,$2.77
02/05/2018,$2.77,N/A,$2.77,$2.77,$2.77
02/02/2018,$2.77,N/A,$2.77,$2.77,$2.77
02/01/2018,$2.77,N/A,$2.77,$2.77,$2.77
01/31/2018,$2.77,N/A,$2.77,$2.77,$2.77
01/30/2018,$2.77,N/A,$2.77,$2.77,$2.77
01/29/2018,$2.77,N/A,$2.77,$2.77,$2.77
01/26/2018,$2.77,N/A,$2.77,$2.77,$2.77
01/25/2018,$2.77,N/A,$2.77,$2.77,$2.77
01/24/2018,$2.77,N/A,$2.77,$2.77,$2.77
01/23/2018,$2.77,N/A,$2.77,$2.77,$2.77
01/22/2018,$2.77,N/A,$2.77,$2.77,$2.77
01/19/2018,$2.77,N/A,$2.77,$2.77,$2.77
01/18/2018,$2.77,N/A,$2.77,$2.77,$2.77
01/17/2018,$2.77,N/A,$2.77,$2.77,$2.77
01/16/2018,$2.77,N/A,$2.77,$2.77,$2.77
01/12/2018,$2.77,N/A,$2.77,$2.77,$2.77
01/11/2018,$2.77,N/A,$2.77,$2.77,$2.77
01/10/2018,$2.77,N/A,$2.77,$2.77,$2.77
01/09/2018,$2.77,N/A,$2.77,$2.77,$2.77
01/08/2018,$2.77,N/A,$2.77,$2.77,$2.77
01/05/2018,$2.77,N/A,$2.77,$2.77,$2.77
01/04/2018,$2.77,N/A,$2.77,$2.77,$2.77
01/03/2018,$2.77,N/A,$2.77,$2.77,$2.77
01/02/2018,$2.77,N/A,$2.77,$2.77,$2.77
12/29/2017,$2.77,N/A,$2.77,$2.77,$2.77
12/28/2017,$2.77,N/A,$2.77,$2.77,$2.77
12/27/2017,$2.77,N/A,$2.77,$2.77,$2.77
12/26/2017,$2.77,N/A,$2.77,$2.77,$2.77
12/22/2017,$2.77,N/A,$2.77,$2.77,$2.77
12/21/2017,$2.77,N/A,$2.77,$2.77,$2.77
12/20/2017,$2.77,N/A,$2.77,$2.77,$2.77
12/19/2017,$2.77,N/A,$2.77,$2.77,$2.77
12/18/2017,$2.77,855,$2.88,$2.88,$2.77
12/15/2017,$2.125,N/A,$2.125,$2.125,$2.125
12/14/2017,$2.125,N/A,$2.125,$2.125,$2.125
12/13/2017,$2.125,N/A,$2.125,$2.125,$2.125
12/12/2017,$2.125,N/A,$2.125,$2.125,$2.125
12/11/2017,$2.125,N/A,$2.125,$2.125,$2.125
12/08/2017,$2.125,N/A,$2.125,$2.125,$2.125
12/07/2017,$2.125,N/A,$2.125,$2.125,$2.125
12/06/2017,$2.125,N/A,$2.125,$2.125,$2.125
12/05/2017,$2.125,N/A,$2.125,$2.125,$2.125
12/04/2017,$2.125,N/A,$2.125,$2.125,$2.125
12/01/2017,$2.125,N/A,$2.125,$2.125,$2.125
11/30/2017,$2.125,N/A,$2.125,$2.125,$2.125
11/29/2017,$2.125,N/A,$2.125,$2.125,$2.125
11/28/2017,$2.125,N/A,$2.125,$2.125,$2.125
11/27/2017,$2.125,N/A,$2.125,$2.125,$2.125
11/24/2017,$2.125,N/A,$2.125,$2.125,$2.125
11/22/2017,$2.125,N/A,$2.125,$2.125,$2.125
11/21/2017,$2.125,N/A,$2.125,$2.125,$2.125
11/20/2017,$2.125,N/A,$2.125,$2.125,$2.125
11/17/2017,$2.125,N/A,$2.125,$2.125,$2.125
11/16/2017,$2.125,N/A,$2.125,$2.125,$2.125
11/15/2017,$2.125,N/A,$2.125,$2.125,$2.125
11/14/2017,$2.125,N/A,$2.125,$2.125,$2.125
11/13/2017,$2.125,N/A,$2.125,$2.125,$2.125
11/10/2017,$2.125,N/A,$2.125,$2.125,$2.125
11/09/2017,$2.125,N/A,$2.125,$2.125,$2.125
11/08/2017,$2.125,N/A,$2.125,$2.125,$2.125
11/07/2017,$2.125,N/A,$2.125,$2.125,$2.125
11/06/2017,$2.125,N/A,$2.125,$2.125,$2.125
11/03/2017,$2.125,N/A,$2.125,$2.125,$2.125
11/02/2017,$2.125,20000,$2.125,$2.125,$2.125
